-- phpMyAdmin SQL Dump
-- version 5.2.1
-- https://www.phpmyadmin.net/
--
-- Host: 127.0.0.1
-- Generation Time: Jan 11, 2024 at 12:03 AM
-- Server version: 10.4.32-MariaDB
-- PHP Version: 8.2.12

SET SQL_MODE = "NO_AUTO_VALUE_ON_ZERO";
START TRANSACTION;
SET time_zone = "+00:00";


/*!40101 SET @OLD_CHARACTER_SET_CLIENT=@@CHARACTER_SET_CLIENT */;
/*!40101 SET @OLD_CHARACTER_SET_RESULTS=@@CHARACTER_SET_RESULTS */;
/*!40101 SET @OLD_COLLATION_CONNECTION=@@COLLATION_CONNECTION */;
/*!40101 SET NAMES utf8mb4 */;

--
-- Database: `webdev`
--

-- --------------------------------------------------------

--
-- Table structure for table `accounts`
--

CREATE TABLE `accounts` (
  `User_ID` int(11) NOT NULL,
  `First_Name` varchar(45) NOT NULL,
  `Last_Name` varchar(45) NOT NULL,
  `Email_Address` varchar(255) NOT NULL,
  `Password` varchar(45) NOT NULL
) ENGINE=InnoDB DEFAULT CHARSET=utf8 COLLATE=utf8_general_ci;

--
-- Dumping data for table `accounts`
--

INSERT INTO `accounts` (`User_ID`, `First_Name`, `Last_Name`, `Email_Address`, `Password`) VALUES
(2212173, 'Sofia', 'Surro', '2212173@slu.edu.ph', '12345'),
(2221097, 'Kaizer', 'Gura', '2221097@slu.edu.ph', '12345'),
(2223144, 'Ezrha', 'Dangilan', '2223144@slu.edu.ph', '12345'),
(2223451, 'Leovide', 'Bato', '2223451@slu.edu.ph', '12345'),
(2224512, 'Ava', 'Narag', '2224512@slu.edu.ph', '12345'),
(2225554, 'Thisbe', 'Abaya', '2225554@slu.edu.ph', 'qwert'),
(2226098, 'Geoff', 'Dulnuan', '2226098@slu.edu.ph', '12345');

-- --------------------------------------------------------

--
-- Table structure for table `admin`
--

CREATE TABLE `admin` (
  `Admin_ID` varchar(45) NOT NULL,
  `Password` varchar(45) NOT NULL
) ENGINE=InnoDB DEFAULT CHARSET=utf8 COLLATE=utf8_general_ci;

--
-- Dumping data for table `admin`
--

INSERT INTO `admin` (`Admin_ID`, `Password`) VALUES
('ad01', '1234');

-- --------------------------------------------------------

--
-- Table structure for table `am/pm`
--

CREATE TABLE `am/pm` (
  `Event_ID` varchar(255) NOT NULL,
  `AM_Start` time DEFAULT NULL,
  `AM_End` time DEFAULT NULL,
  `PM_Start` time DEFAULT NULL,
  `PM_End` time DEFAULT NULL,
  `AM_Venue` varchar(255) DEFAULT NULL,
  `PM_Venue` varchar(255) DEFAULT NULL
) ENGINE=InnoDB DEFAULT CHARSET=utf8 COLLATE=utf8_general_ci;

--
-- Dumping data for table `am/pm`
--

INSERT INTO `am/pm` (`Event_ID`, `AM_Start`, `AM_End`, `PM_Start`, `PM_End`, `AM_Venue`, `PM_Venue`) VALUES
('10002', '09:00:00', '12:00:00', '13:00:00', '14:00:00', NULL, NULL),
('10005 ', '10:30:00', '12:30:00', '14:00:00', '16:00:00', NULL, NULL),
('10010', '08:45:00', '11:30:00', '13:00:00', '15:00:00', NULL, NULL);

-- --------------------------------------------------------

--
-- Table structure for table `announcements`
--

CREATE TABLE `announcements` (
  `Announcement_ID` varchar(255) NOT NULL,
  `Date_Posted` datetime NOT NULL,
  `Details` text NOT NULL,
  `Event_ID` varchar(255) DEFAULT NULL
) ENGINE=InnoDB DEFAULT CHARSET=utf8 COLLATE=utf8_general_ci;

--
-- Dumping data for table `announcements`
--

INSERT INTO `announcements` (`Announcement_ID`, `Date_Posted`, `Details`, `Event_ID`) VALUES
('30001', '2023-11-24 08:30:00', 'Bring a notepad and pen.', '10001'),
('30002', '2023-11-25 10:15:00', 'Food and water is provided.', '10002'),
('30003', '2023-12-02 13:45:00', 'Event starts at 9 AM.', '10004'),
('30004', '2023-12-05 09:00:00', 'Dress code: Business casual.', '10003'),
('30005', '2023-12-10 16:20:00', 'Networking session at 3 PM.', '10005'),
('30006', '2023-12-15 11:55:00', 'Attire: Business casual for the guest speaker event.', '10006'),
('30007', '2023-12-18 14:40:00', 'Access to event only with valid university identification.', '10009'),
('30008', '2023-12-20 10:30:00', 'Live streaming available for remote participants.', '10002'),
('30009', '2023-12-22 12:10:00', 'Parking instructions for on-site event attendees.', '10007'),
('30010', '2023-12-28 09:45:00', 'Registration closing soon for the annual conference.', '10008');

-- --------------------------------------------------------

--
-- Table structure for table `attendance`
--

CREATE TABLE `attendance` (
  `Attendance_ID` int(11) NOT NULL,
  `Date` varchar(45) NOT NULL,
  `Series_Num` int(11) DEFAULT NULL,
  `In_Time` time NOT NULL,
  `Out_Time` time NOT NULL,
  `Event_ID` int(11) NOT NULL,
  `User_ID` int(11) NOT NULL
) ENGINE=InnoDB DEFAULT CHARSET=utf8 COLLATE=utf8_general_ci;

-- --------------------------------------------------------

--
-- Table structure for table `bookmarks`
--

CREATE TABLE `bookmarks` (
  `Bookmark_ID` int(11) NOT NULL,
  `Date_Bookmarked` date NOT NULL,
  `User_ID` int(11) DEFAULT NULL,
  `Event_ID` int(11) DEFAULT NULL
) ENGINE=InnoDB DEFAULT CHARSET=utf8 COLLATE=utf8_general_ci;

--
-- Dumping data for table `bookmarks`
--

INSERT INTO `bookmarks` (`Bookmark_ID`, `Date_Bookmarked`, `User_ID`, `Event_ID`) VALUES
(1000001, '2023-12-15', 2212173, 10006),
(1000002, '2023-11-27', 2223451, 10003),
(1000003, '2023-12-17', 2224512, 10008),
(1000004, '2023-11-14', 2223144, 10001),
(1000005, '2024-12-11', 2221097, 10010),
(1000006, '2023-12-15', 2226098, 10007);

-- --------------------------------------------------------

--
-- Table structure for table `evaluations`
--

CREATE TABLE `evaluations` (
  `Evaluation_ID` int(11) NOT NULL,
  `isAccomplished` tinyint(4) NOT NULL DEFAULT 0,
  `Date_Accomplished` datetime DEFAULT NULL,
  `User_ID` int(11) NOT NULL,
  `Event_ID` int(11) NOT NULL,
  `Evaluation_Link` text DEFAULT NULL
) ENGINE=InnoDB DEFAULT CHARSET=utf8 COLLATE=utf8_general_ci;

-- --------------------------------------------------------

--
-- Table structure for table `eventlinks`
--

CREATE TABLE `eventlinks` (
  `Link_ID` int(11) NOT NULL,
  `Link_Name` varchar(255) DEFAULT NULL,
  `Weblink` varchar(255) DEFAULT NULL,
  `Event_ID` int(11) DEFAULT NULL
) ENGINE=InnoDB DEFAULT CHARSET=utf8 COLLATE=utf8_general_ci;

-- --------------------------------------------------------

--
-- Table structure for table `events`
--

CREATE TABLE `events` (
  `Event_ID` int(11) NOT NULL,
  `Event_Name` varchar(255) NOT NULL,
  `Event_Tagline` varchar(255) NOT NULL,
  `Event_Description` text NOT NULL,
  `Event_StartDate` date NOT NULL,
  `Event_EndDate` date NOT NULL,
  `Event_Type` varchar(255) NOT NULL,
  `isOpen` tinyint(4) NOT NULL DEFAULT 0,
  `isPublic` tinyint(4) NOT NULL DEFAULT 0,
  `isLive` tinyint(4) DEFAULT NULL,
  `Participants` int(11) DEFAULT 0,
  `Event_Pic` blob DEFAULT NULL,
  `Event_PicFilePath` varchar(255) DEFAULT NULL,
  `Evaluation_Link` text DEFAULT NULL
) ENGINE=InnoDB DEFAULT CHARSET=utf8 COLLATE=utf8_general_ci;

--
-- Dumping data for table `events`
--

INSERT INTO `events` (`Event_ID`, `Event_Name`, `Event_Tagline`, `Event_Description`, `Event_StartDate`, `Event_EndDate`, `Event_Type`, `isOpen`, `isPublic`, `isLive`, `Participants`, `Event_Pic`, `Event_PicFilePath`, `Evaluation_Link`) VALUES
(10001, 'Academic Odessey: Exploring Minds', '\"Navigating Knowledge, Exploring Minds\"', 'Embark on a journey through the realms of knowledge! Join us for a day filled with captivating lectures, interactive workshops, and thought-provoking discussions led by experts in various fields. Dive deep into the wonders of science, humanities, and technology, fostering curiosity and a thirst for learning.', '2023-11-26', '2023-11-26', 'OneTime', 0, 1, 1, 45, '', '', ''),
(10002, 'Cultural Mosaic Festival', '\"Celebrate Diversity in Unity\"', 'Celebrate diversity and unity in our vibrant school community! Experience a colorful tapestry of traditions, music, dance, and cuisine from around the world. Engage in cultural exchanges, participate in interactive displays, and embrace the rich tapestry of global heritage that unites us all.', '2023-11-28', '2023-11-28', 'AM/PM', 0, 1, 0, 67, '', '', ''),
(10003, 'STEMpalooza: Innovation Showcase', '\"Innovation Unleashed, Ideas Ignited\"', 'Unleash your inner innovator! Get ready for an exhilarating exhibition showcasing groundbreaking projects and cutting-edge technology. Dive into hands-on demonstrations, competitions, and presentations highlighting the wonders of science, technology, engineering, and mathematics. Explore, create, and inspire the future!', '2023-11-30', '2023-12-02', 'Series', 1, 1, 1, 59, '', '', ''),
(10004, '\"Future of AI: Ethical Implications Summit', '\"Shaping Tomorrow Responsibly\"', ' Deliberate the ethical considerations shaping the future of artificial intelligence.', '2023-12-10', '2023-12-12', 'Series', 0, 1, 0, 95, '', '', ''),
(10005, 'Quantum Computing Conference ', '\"Unveiling the Quantum Future\"', 'Delve into the revolutionary world of quantum computing. Engage with experts, witness demos, and explore the potential applications of quantum technologies.', '2023-12-15', '2023-12-15', 'AM/PM', 1, 0, 1, 63, '', '', ''),
(10006, 'Artificial Intelligence in Sports Analytics Symposium', '\"Elevating Play with Intelligent Insights\"', 'Explore the transformative role of AI in redefining sports analytics and strategy.', '2023-12-20', '2023-12-20', 'OneTime', 0, 1, 0, 84, '', '', ''),
(10007, 'Sustainability Summit  ', '\"Empowering Change, Sustaining Tomorrow\"', 'Explore innovative approaches to sustainability and environmental conservation. Join discussions, workshops, and presentations on green initiatives.', '2023-12-28', '2023-12-30', 'OneTime', 1, 1, 1, 52, '', '', ''),
(10008, 'HealthTech Expo   ', '\"Revolutionizing Health, Empowering Lives\"', 'Discover the latest advancements in healthcare technology. Experience demos, attend seminars, and interact with pioneers in the HealthTech industry.', '2023-12-29', '2023-12-29', 'Series', 1, 1, 1, 61, '', '', ''),
(10009, 'Business Innovation Forum', '\"Where Ideas Meet Impact\"', 'Foster creativity and strategize innovation in the business landscape. Engage in discussions, case studies, and workshops led by industry leaders.', '2024-01-05', '2024-01-07', 'OneTime', 0, 0, 0, 42, '', '', ''),
(10010, 'Music and Technology Conference', '\"Harmony of Innovation and Sound\"', 'Explore the intersection of music and technology. Experience live demonstrations, discussions, and performances showcasing technological advancements in music.', '2024-01-10', '2024-01-12', 'AM/PM', 1, 1, 1, 76, '', '', '');
INSERT INTO `events` (`Event_ID`, `Event_Name`, `Event_Tagline`, `Event_Description`, `Event_StartDate`, `Event_EndDate`, `Event_Type`, `isOpen`, `isPublic`, `isLive`, `Participants`, `Event_Pic`, `Event_PicFilePath`, `Evaluation_Link`) VALUES
(10011, 'x', 'x', 'x', '2023-12-19', '2023-12-19', 'OneTime', 1, 1, 1, 0, 0x6956424f5277304b47676f414141414e53556845556741414344514141416730434159414141424d564c544a414141414358424957584d414143346a4141417549774634705439324142414141456c45515652346e4f7a39363359724f613431436b347751704a58357635366a4836444876306b2f576a393048313231624b6c595038414a6a444a6f4753767a4b7973326d65627273706c53784738674343494f2b7a2f6666332f64487933372f5a7661675a44782f3973464451597a417939643354307632524e63782b727677457378316d4e723838334e5054342b57774f7a386234374c305a4871742b47677a4e477537396b632b7736587341304b7a4259446a36635a713777624462686f364f527a394f2f5478626c34377a616f326262663573724b645a7738563250506f446a35675035386432344a6a474f7339746e744f6c58584274467a7a36412f39382f4d77357a62425a7261315a513050445a6873652f52357747702f6a474a7a4c4d6333487a45625939414d572f54377741486f487a504a667771436a342b68642b76445264412f6e735469663233624c666a3736422b3739415853486e38477757514e6743552f754139665672474733445944683052383554724f577a2f44355956346d4d4f33354a594459373937787742466e35634452432b6334356d596237736344384365475a337a7547336262384f67483776304f53356764755a344e47356f316e3375732b6461752b44672b634b436a39774e48774c465a772f2f5a66386639654f4339663644336a6d594777484274467a515966683776364141326133672f5076446f4434464837564f7a686d7537356a342f6350692f41542b75593763646d323359724d552b4833672f506e4b764731714f6f65664941477932357a79344e6f55376e2b2b3935317a5946372b2f744230667878333366682f324651416147673463754c594c647476783334392f4a47306a66425658694e32483447577a68742b33332f447a654d66373856357a34764e6d754e6f466c336242667a2f2b6b66696c3378734d4459622f326e2f48746433512b34482f50763642667a7a2b6952593466765144483863646d7a57594754364f6579496538666a6f5234362f575550764851633664747478424d3777657a3150503761332f5030666a332b65614a725333356e5762626268742b30486a6e3767336839343941633261336a3049382b3234783737634a6875747548614c6b36546363543764786761647475484d384739344834683967514a757a7172523579355a68613436506656765438533379357478382f5971367464344a544f59664c4152502b464c765875734c79314b38774d2f336a3845342f2b67414734625463597a4847315033786e7a504266322b2f527239395250342f33324b63526a77706e69357951416a65307850756a4832686d614c59356a65354f697a5a726554614a66357737357a2f764a5472516a506967394c664f31556950476e376266764d3739376a6a6e386650675562725872496633726436703739744e366658783933766e5469544275446548794f396a6675693539774c2b346a7a755666546e5536364f4d4b33356d466d2b4e454b3933386550774e6e48463935337475457a34354446397a614666642b523066482b2f47525939373750576872533167677272364c46633562336f7349336d4f6371395059437744675a6c65594e587a30442f7a332f623846426f622f3276344c50343933665051502f4c6239674d4877667a332b4f3964493242532b4f77333274566867663838394a76313347754d34736475476867316d474742787352333375446672724c66455661376a742b30486668377641446f756473477433664350787a2f7773372f6e2b6c6630527664742f74746738502f35472b536c747268626a2f34492b7264684e373848486b45484f446653424b44446776626e506c7644726432534e6a33444e5a327a746b7662305874336e46366364634c6d456e765359443750377663562b6159546e775562594d327a53727a6d75707733474f4857416479502b776d5778435879494870504b6e7a4a6c78534e4f66497076666561476137743676645777433776377a6a504d32382f72737635457342783057434a64365352584d4d57744a4272364233446e65486e384a4572566a776a6e655535474f454d7750787556767134346b57313332462f34373635746d767962762f5834372b48752f455a33685048357a474a737a787a58356d4839726553336651384b53353964593676354d48352f54707a3367674c67484b496e666a49756d4e773273643558766d7330486d6467393476657064774c65515656374c6e5a374a65776551387a316c756e467444472b514976622b4864567039762b4c4a587646756849734267377a786242317a657a584f5a33423531612f3272643872767a2f72413151656d39386e6a70476d44584a426644667a4f4b51356f387a6e4d675476532b4c4967614e6f5a466565784f6b6a65553779717a33486464354e5a6330546649534f7a3275615077646344324c434336587347764a33506838385351755a32506e5639324873314a50674747427a6d754e38706c48384b6a3972317442446a2f415a6671792b6e2f6e472b544f6765417a654755716e41776a4a5a7a2b444a5a386e5868315061452f427148686238447a4b6e616177334e43514769635a3731646873667063373075467a57666e6b44796534726a65336552582f573845442f3545467a62644579712f41426a65304765315562353564702f4e4d474266624c4f636f75305a4858532b434d767a78446e4e643572697a517275712f62734f373172645537486773624e3532726f5a35414c5278336e636b7870752b307072333046337a35725258654c6a73356e61645876732f4e73494d37552b362f366d6674623464706e647a42514f71754f49336a6c656e36574f6258505834485656396f7a6e4f4a334b2f7863385552737a2b377146592f35325a7a2b3672582b5432322f656b622b37466873332f442f62742f7472322f622f335037662f312f2f3932542b47372f4f397572432f3966306439665052356267376e51494f5038366c676e6f51756c454677394f797435587655314d7a466675557770304c356178724d314b6f50376a4945794750613244345a71465571664363687a58796c3441365078355a50316265624b346c6e59574f32646d6d46716a73474f6d6967774a6b575664724253627333774d4c67795a56612b383375752f646e2b416b6844793071494b69456551312b3737576d776e423147397559473939776e4b31772f2b67455955676c523850485258426b4a4e4778506353384e2b396177745333377a506d4a59683434473667424b6f52476f346f723052734234454a4f617a6b4c7a7257686f5673704b363774696d75376f4d4d5648343955614a554277685758666a3450504b424b4f65356a7334617258564b41346a72707a4f42724d397a617a5438486e514a4b47442f5141546b544d486541414a444b746736344d304d59346a3636473871763759713968554d46797548417249784952366377374441355a413331504e44697250682b6c5a4362526b2f5533346b48386534444a577a542b4b4f4b53444f486c64744a614e42713264397632773963326755662f53503263514f564c6f6d545648715a6637625a686b75374a41585676647662426a324b644443674164363364547866684f2b6a5039414e615952534f6778774c337336523342766e4e61344d644d645238526f48624249584b59784d665a6a513850654c7646584c3663415764654249353065314c6c6b7071576b4c3071624f39786752364d76595549716b5067516a68334e366977662f634165394f726542582b44587441516945346e6f4433586f6170426d49395a65506b515a344259696258633933514d36397971486b71314e7449586364375a734b4662715459652f56486e77697a6746746769322f396a75795564535157504158766251514f714e744c5472626d44677035643472777169687a65766965587473657a6f794d4234647235432b6f734f3733597849484f6166615a4a674758647357315858452f376e6a676b6269793234613962576c51336b4f6837336834354e6b68724462557334362f527a7035364c694550654b4f6247594a572f624450566b70636b354b47343467352f4f42413576742b4168486b344b704f793163374a7047664c3344365a4332325961662f543264544943652b3259324b39463933346b33482b454d6f63706b4e72373351446b504641346765512f694d2b6d62342b6234446c424779747432532f3767475a2b56426848423434364f533975446674425155305a377066304472784d4b7a6d75376f7148687658386b62716f79646156734d396a4a304578634973314e484a483563317944342b6256626f476a6c364a76736a644f572b4b7552526d613656426f68714a46693662305554394c486d72425443714d414f53642f676a6e70377850652f5733347648564f45784442647665646c7a73346f356d65495454332b675971373371757a4f2f4f68746a426b655a47632f3952662b2b6e353152502b5074352f46704a457865596549546c446563616366654e67696c4f5933444761396b4659564c782f4f396e4f6642646532324f53304f58502f6f4433646f5139486d354331496a3665317a57504f6650427137724d63386f7266483934524938425846616172766c65347169337666785266572b3837335647657934623378724d326e7a6d46682f4e463061744e59307839356230713979423756376e79325a3379444361722b78305948577548372f4e7377486c336d794361353270747746764e5a624d74515a446e56513335574d396c6e764d736f36786f4e7076327564716a723878377070487a585052634b6a36514a6d363234534a47752b7a447a754d375078484f37335243684d4e4d2b5443444a53794c44756c2b31356e556b30526e394976773833536b6e57466266633234566f33775664344b786a75674433497548636f64337848424777676e722b6d6343372f77717133326450673734476e68514c47314a764f6738776945356b3142416c796e3154726e2f6b2f7a6b633932323073326e33457a6e4c325654364363764b4b763837697a666f5a4f496975614f557372327663382f2b5564763641544d3232663665483875394c467752454134754179675a3539446b36534747452f3378507a2f476565364e6c6e717a624476596d73744f707a666d2f466a77322f722f446e535a2f366a504975383332743738373738746d3676622b32584d7671325a534c344f6473356b382b7535666f424b393036756d38466a6931374450687337366a394e33356674414149683139795a4d2b67597679436f626e652f6a5a47736d665a5a435a6a58526858764e58656157767a4f577a666850474a313731655244695a2b5071666658642f7633744b377a52642f7475332b32766239384f44642f743339712b49687a2f703439565a70492f7a6c4363426654326b746c36786f772f592f6a2b794e784b2b44387a774d6e5957737549722b5536354c32356e383147772f7366625576427a44776277656f374b682f6e316b357a4c322f6c6643595a64336d65736f68625a5164382b43566877795461646f476d6e776b35694a6e5379554b464d58302b46647178744e6d674d4f346c685759626e4174554b63422f7162536d556f69346f34346a38357170684777526f557844594563762b4f6f2f567349547666524c6d5648524a44527573326d557443736155584d5857584b33446464325463554e6a63383076462f746771337449557a533848674d4f4c42543452554b575930476d67586c6132544d38436755662b4b527a677071464368366349524a6974392f6845475a6b5a5139317236685050353972477643343249377a4479613759432f6f303464684e314f493275635638374e3454384b30374e695a63616c4e4270614b657038486f522b4b546b5a6c584d4a49355a4855694f4d6a725676664e5a687649556736786b7233747062776f5162374d704a7036393566487358593765644975326f7a4f525977336c4b4f744c78316d36416552542f76542f436f4c70483170566a4d4944474b374c484658464875734f39704649326c66615451637564422b346a766a2f424e38316f516b635364306869564733425531757a687474326a624872354a64426b2f6854686f5930796c744632394835544654464161644c5a54334249374f5030446d462f577a686f454d617a3067356e3638594e7a547179457977432b47453852695576716d676861556878514338647a662b2f2b7a763666777a3336637a50747a614663446b3650506b6d69736e48346e51575477384741574333683339434965636c704857684e47575a30466f742f6c73482f334165305457373233445733754477664452373969777763496852534d4736637843512f7371756c5433565a57487a4f68423273626d7a684c544f686433384f707a7658754944336f326e623430504b617a30617a685233744c75764b7a2f2f544d4855486e3572554d384f392b7833333075342f56433766663269324e366175314849476e4c653549574a316a78524f6e4954326a6a4e567831637878616e624f534357746c574b4c6479655634495a7931694d6434766437757a676649504e564930704731707448577a33676d56636565435174317a555069733859662b595079536673696174484f6d444d796a6e69314c302f384c6264634f44416a2b304844425564487051785955502b342b67396e5731475665747a336d376d65306d37464c6531445879656b5838545262694e504e414a4e79415a5565526550384c5268667a446a2f5957634c674c7242483844303539382f3430324d6c784b423070586f6844704b737a2f307265534e7454526650416839613954536371682b6661634577382b437a796b2f7765737a6e6f65654264704732316836662b59753771734d507a6c58314c46387a61527635733353394f383645637844584d63787a5741786f78747555595358646c597238713736356b526661707a6b6e503930504f4535366666663158732f774149383162376431715a4f567a6647394578724f31776c2f584f7350734662364e387a786637554f664e6e343238734e7438665a354c6a51757a337942796f32667a6e57677532745a544e764d7933507656324d4f447237533337432f574e4e50506a2f4d536668514f6d366e38547275345a6d65745842673736694d646a6d4b347141344d66677734303554416745717372726d78486e355056363856312f4d2f7778336a702f726b4c755473724d2f4f3870566d336b3276643032484c336a6a6e76515a6e396d7a73616a2b2f614d46756a7665713731484c5657393648543177334d53705547617045625630344b70376b4e6344352f6e742b4849384d727834786d515a4e79446e31597836767a4d6341692b706d7a752b58395a6564354a32332b684c344f2f4a76676773724f71374d357a30486871495a6d6c51565737334c4f66703772373956356e514f7a6c7242367374356e357a7235794d567238337031767472483672316e4e4f2b7a6533303131336b64582b33334e48636a68566a446249567a6a6776723650706e632b5436696648714c4449387338426631594f7437686c416e4b46736c436b34372b58367a55366676567244615a367751565a5937514f7859595672712b595a4c5072516e2b37465a334e37315a34354e4837574f4f706d4f32447244464c367248373371732b763843757633762b37332f307a592f376437582f53584c2f62642f7666334c3464477237622f35723271786654762b73692b3871344b696a4e377858442b7a6b6a394971786536554141684152743249304768534a72386555516449496f324e2b52544435724739586e6f35434c6a4357722b44662b572b386e6f7245674b4e4744664748786a6b33704f456b444836466d6238325439393878794d4e436972494d38586c737a584f367833576175646e6875396f45426246395735374b6c7038583176696d734747794678746a494a6d354364427361466c36754a7832306568684248656a313747796c6e353776506255674773426a5256634b33456f56534f5238547848716e7142792f30774d4e5a2b636e31302f47444b5373426a41627a37496369375a774b6b766a4e637872474956547069443674514a555777466a4b5241585a4f54576743377268734241522b4a34792b53344f45574f304a4f6635322f596a49317170694b547838593479744446744d7564696c4f616c50313144476f5a53416468644d52694b794d313248474763374143756473486564767a6a385538632f544534314751304b3346386f6f63306c44333641324d712b42353757424546664938345372724235696e4c6d563242617749302b67587743486957344c6a3365347a724d2f7149714867766537414e6339577a4369414e50614f797134546877702f78584b396f35306e34743872536f4a6b59334748684676742b43503352364c453953716738524e6b626974387053387473634f6e5753326b724756457537594b72755547564a5659594159383864353656343971756d5461396e496c4b6556315a48465168526e444a6669346f4242564d6a6c506c504f48706a73633365482f737a50496a4e49523474526c4c4b635545724f35467658644a3532676b647077364572644a693667554c4a726f4b307148425647434e2f4e552b335353324e7365687667504550394a5a333945755a475037696d5a6d56486b33736679435232654157557543664f7346643379666148792f2b69656d762f53396d6e2f5270674145596c6f4d6a366847626a4c3579717279646e52687935494735706e5677474e5a7a326972556b7639696a48684e7748346a454e332b346763542b563150672f322b2f59326f616678382b5445615169364e67487330434d436d69487236394853784c5253544a2f78326a45345233517a484331713979626e696c4565537371515764444e5576486442537563797a4e426b4e38342b667571444a6d4658694a4478436a492b7138584e716559377678627377436b38343135706b69507670483046683149416e6a796a527547673457615933563061646761756e30785a4a4a7a647a4a5a38352b773335474f7335553357662b516438746d50625437382f34745775375a466b67667535386c326533696738484f6e4e7256397a61466379736c4f4f62396c2b6a306b4635356367414d4b322b42547058424c376553327865656f69735a672b486e3169724965377a6352536e5a474d706a733961776b76344e4a564c49444457353165794533386e6a4653756f574757397a6862376547346a334f2f7a3172524f48396a4e556575787a4e5752456d6b52642b474b696d696a67497a6a5a302f657a62667a2f3565745256385a7a36454c523131703877536778486c795a67362f785775356e50703243432f2f384a36586a31504f6a615050764e634d303573316b3733333369535a4639735069566e586c44372b5a576d475a53476359337236727153484f735a3736714e63327035423532644b58774f432f784c6d716c776b2f464b6a426f4d6353752b54764539357972726d3575466f356666726e376d6d43574854713370544d6f2b68465a515a707070766649324d6545636e566e4e4e4a676863647671584a5066504a65303946615a48455a384f394742796441357433523844705230422b75487933393956564a7a545539564a2f524b507a536664547154445850476943656237594e6a674d4a34786a506c6e65612f67624573674935422f70563453426d42786e387241655030626a6b384b4c5732705a5044444c3954667a6157357450505633547947643674385a33792b3571577a7669796f75587a65377a444c37594449672f2b45587237374a31526471696e56333238476e7431583732617837693358322b7a455a7830592b596235724d7a7a313376426158587a3835386a672f4b6775334565363167344b6a4e635a55374f54632b753870324d75374f7a47644e384d67784a6c69484c506b734d4771635338333538596d6a7a367176722b37724b337835335867506a6673326a2f2f7366767166304637747a612f432b632f4f34392f352f6e663762742f74373276664467336637542b6d2f6173766a354e412b5a586e2f2b494c38612f6f6b2f334d7a4b4d4b504a3878352f7276727a424e2b71366e744e2f78774670522b7178664375663574336b454e4258427239376251386d38366e306c434f6833756c35396d796b397a37572f4b54526845505a536f444d61653074675451654168524c4c42556658454e436f34774b754732382f6a6f2b4d4e706956704d2f5777722b5867756f4c495662684e622f6a6b66684d615931633636484778716d6649557348595257526968653770484835424a4e4a5545354675705769613875616550367a6877476b6861457344594453364279696538617866622f3759425146505033324a615070502b4c7a324e74556a446e652f2f503436667431456b615151694146734848304d6b4a7968356d3674414d6e773473726c6970366d45596b3143644c75755a3049544454664d313747443065555938365536644b696c61417155775a5056777062676442316252656f754e3937794f6d45642b664b556f475156344d796c3454752b4848396f62644e767a7a2b476336665a515469673170523848662b524d4b53594d72557935744c365756344276587865656574525438715a79314f6a3338375246314d47464968345973305747566957537a33556333482f76332f6263774e73396a647347374f6c664e5042577230686d484e5a5757493733535649352b726a615a646155635033436b3870626a3855586938694f63595177736a594b7a30556b55736f6f4c52357a7252325235614e627758397476654f4449564e374d524548637a4c6e31634d4b4a737a34724b6b696a66457a2f68686b6f6d464b2f614f716f454f542b647034544b2f6f794b2b494d774e3475366454452b342f5055306c3961416d4c4747754973704b3556446b666f526c52337a6650484a5658615a794a655a73622f692f4e6a64664d57484672317a4a6b7735307633714d73412b6b776a5a635753764a6275324b506a434c766b6c6f39353879617738544e695835724b35776a4453394450724f6e4f4e3242524652614b5735354839763550722b456777594e7536743756753950514252686357347a57307267323974323837304d672f47494b7a544b374a4e7a464e4a7077574252376d64554d74613948387064644e7a784347654a666f49666e526b53746b534b5748656e347775385a42644c52757932343866324130444852372b3741594c33585373485147417376364447766f2f6a50713137704e6971794659484f74336e65522b47364441357a3854747a567263746367397036504241626e586f35766476423536676f58307a797a76664a30314866456d6b304c796e45354c486a6b2f4f71514e4a56567735482f312f664e36665434655354756d5350662b693264383157613657613266376f6b392b4f61352f41312f662b41496d7673343861536b4b2f7a647a4a31696d4e6c45445162442f4d776b6378584334575068584730736b5758687344586572386543622f4e33583664536c6c742b2f4e52384a6343555751466e477647717264664c666770654b2f6938346d3854442b44347a652b312f4e62736b734f2b696475453254773261557a535865462f65492f586a542f4f38526b2b566c596c33694f514e4e657632326377486c764843524e73526463704f636e354d4e37347a38637376742f50795743385838687172787268724c53516e382f503666374f3338335a744a4a5877524f4434564a76636562356134356e4a3476562f50773976612b6564672f677461356742524f6534484a47587277762b7a48304d664f52505237745066653778757344483848586552363649302f4e4c6b5742695a2f6875315a5a6465376951415a55536e4d362f2f4a736c714e7976552b484f51324959502b6e753358534d59777737434544745851697a4873763943482b50744f737a794357352b4a37306a54655334706a5732517164446d786854796a4e4657685044626c2f495339794c4f6e382b5062713373473870334367302b324667356d6d72474b5a79372b646d664e4e72322f31717573576a3233507576615435306e4b53646771387771664850646e743235387a33477a3676503839326f2b4b786c5445376a6361503645366548685846394e553439583655546c63386d686d4b61357a4d34364878587a79724d7a6336365064337670335039354f397848414f646255354f594d4269375071706a44786a4359536e50493664357a766666647551563231386c3655736c4f626b3265766e556d49765962433866385933334a4865733444536556626e4d32667971546d64373437355050746e3633552b6d2f734b463536743956663477394d635a482f6e54482f506d7370662f46313355752f437a38374a6e326e2f796e35586445626256336d75507a722b6167352f70422f3939377439742b2f326e39752b4852712b32372b312f5a3058786a4d47364c4e332f70336a35337354732b504334716a302b78576c7a496f42312b382f65352b6a746a41385a562b3947456b71376c5a6a614b51664d574356366e79656b385050687672517032667476445a6e4f413261616e352b4c6755755551704b427776473936782b5a442b7a77724f5a34644b75654e7475754e69656a4b38615a7535696f4a6d464952716532463774327769726336763132556c51566b5a626f303159727a4d4e752f7044512b737766686b614b4551396f6d7a414d774831744362754635424f4c445234486e4144584c4d32474a4947614b6842646f446467565279794373306f442b6966454e46354e4267365972646e3866506331614768466b5a6c59474b746d6155556b566831526e4b2f62617a346b59467666786474584b6961786b4d3341766335752b4d684c314661516b4b353154674854676958642b593957476f4b5435746c52765a352b304c52646b6b5844672b4e796a2b654470326632613348587662634931534131573375707269696a75346c4e4f47775a566339306742507a734a61513936566f6535443374617769727261716578323369324c32446d43774244684875586a4232584e49723669487359304f6c41342f4159465756366a725a30564b6d79434453324f737875537a724331626e6838363063424f434b5275535739704f6a696d695342357a30714332663278347046446e354e4f5359707230764a783645777157314b6d4e437052526b4443726961424472307831786131653874567557356f445a674b6444704854515954317a4f5762514f742f44783541696559436c5658546c675237316a48746d61526877303859372b7055693165413470455a666d2b625066573459445779636c7871716a2f34594d6933632b38644a6764577334636632493531486e4561374930617a56746c596b70714e65386b2b356a536d586b726d6b746c2b574776393051397374754674753856362f513538544a6d532b6f4344525463347a3065634f3656627a3369663152307a4f37643064447a36413964325455656b4f514b627a694a4b6a336b2f50734c52623877514565664a6b4f6d4d722b3243363362466f39386a67305959464f424777396c5a4d476b345331746b5a46576b75472b374f4e546f5653626e785472516578676e4f7437614654334b586443683561506638546a75533678556d6b336e75724745464961527565664d6544466b33707277475244386a6238737871425451437237417339677a4843446f657853397662453848666d4263736f704a2b78626a64516871736a3768412b56334d6942536275396a51455a565974712f31444f486a4f4d447650746e347155786764446363353933444d5a4f614159364a33784b4548447279314e78446a67544d646368375461646168546d30596e61554c3273566e3647654568392f44345279353447336d4e646433565054693950784b4e736e5041735938333756586475726e565675744e547141387144733337506e434b394a6e454135413878776d2f7375326f6454696d35316f6c79396d334f326357784d4d46582b3742564d423337544c4f2b34504d5053382f7a4f732f354c506a6a44582f643539572f326b55625873777a32374a3168546d4c77317a4d38383665763275725a5a7a6a4a4b4866794661742b39466d48685a36527362323634386762766e72322b54346a41446e4b49334e373175634d433750463344757a58725845496661354e7062714c733947774867327a39784939347633744f794a2b4e6452643942717a32766d4957663273327832676f744a3569646a6c68384c7839676a3773496476592f366a6a4d736b6574596e552f65683353636f4a4e617256744b4a69316d653975754365386a355347445a7236624a3954684a5937365a4d4364353833766d4e456f61534b634a6f2f385952743570636d6f2b63784a646a6a622b5137797674617a6d623933726c6435686564337956646133736c594f776455734d4a495334666e72485a59352f747358754e35714437712b64585a78494333756b383131394c616645622f394c79386f766463622b6b4e7a7271532b6433563333727550727576566c6e61356e6c525667444f664f3341313039726d64652b32764e6e36794975303845416774767a652b6337457a6e764153375574396e5a385a50766b582b6153384e32394e424a4661316674586b76503276457758764951545a386a70546a5a7879637831764239706c2b786c41383132667a666e612f4b3852582f58784749355465704c7a37776c486b5664505a7a6254734b3350355637612f6175786e2b2f4258746a5550386566362b3166502b627439742b2f323539753351384e332b3765335a387a4d5839486e2b72752f35714c37366a78654d63702f704439747a785263582b6e6a713059416b352b3570544745444c4a566e363859356c4877694453753031706d776359462f6c6a7a4a366c6f6e3432374e343941315a544f7972413065496d4562564a3473382f786231334279426272633637553271687664515542796a68336c2f544a686f7130346e6863502b756f506d584d4a36554f574c7438326a61753739456647594531774830516573634d434a7a664a6f72326a4b5164317437543263565439743944595859574a46566750537554335a6a41744d39716744644933585244474c4e78566d374a35467967616d47554f5162763956753765525236474e635068626252474861636a4b5454526b5371556c2f4841364f5271316e56514437684f3456663771555650493157626d696b64314179573056663948716654694339334149736a4b4d3853357950436c4b416a41394c3248486f59655879427857587a6261454131414b4f52376b5339765471486276397a67586a6a756237546b50725a4e2b6a6b656f4e6274447778344f472f374e71495142314c4443647878587a3756653357425a6176693937574767396a4f72654d446f715378784559725162564a55567977696865444e49365037415a5a4d30504f5948762f3969417762356f34613359312f57355457324e6f47786d37534b595872494678364744674e704547634f314f3641377464456d6564356d7a5957685044704d386c553057625a3950594934734b4656434f4d78686f525a595a794d77614c544947304f6e4849796942776d576575566e5a547268793758766730427a3543437361734c63396159592b5531476664642f6f575a6b562f4453717a376970797350454f53756357796b735a67554d465a7839474c76477066504d7456334b6f47743953454e4d6650532f7653386179792f74676b76554672336142572f62445544487a2f346564784379424d42482f3868376c2f746c4f437633746a417764784f634364702b394445793231506733354a652f4f50786a324839712f732f34533933502b473959634f6c5855473858796b4c5031504f4f623146306c6676702f5a746e676676314576417234657a786a7a6e48445075794432794b5769326f51356b7869484e634d4d37494a31467576657032536b652f523434643051706771504b5362426b6a4c58494f7654494254702b527959455a6e574a2b2b613530554c755542737a586954765a41326c486764674563583670443577346856686a716a5462623466682f494c566c6d674c7533695752706b54372b30783449505a70343571706d6c67352f794a4b707a35623268754f2f50626e47482b6275587475647a6d38336c6c536f64754e505a537065396d754d49547873634c59626e725869677755676f654b696c3157626e4447326265616b613076613958527a76776d6e437032356e6e744c4f53722b38482f4975475048716c564b3757634e627534556876576a592f4e774a466a777a615577544f4d622f74375a4e78713331484f6250326f7635366e7255304961674b2b6345526d4e666463614c6a376e596e6b346c78524d314842687833552f77795076376e676e5030593830757335774e2b6c6e3159672f334550535857626c65475a38394855463768717a537033684d4b667531764d317a347630304f55423731743567765059437a70476555416f4c57784e4d3136315a2f4453373473586b73386d476c52746c49334b494839653332643332316657386d722b712b2b2b43703961563045352b34742f6a6b6b4f584c382f6a72326162644873796f704171504338312f746a3653583250497737774a68335733332f716a4756652b50646a4d7130394c6139685a7a76387332797849624d5a6c342f737a496f48326d7749554e5638632b434d796c50737438573737706a6f4d745459306c4a50632b365233333465794c2f366c775166316667675766316f67796466467165632b5535537337676e667561376b2f335174355266423754764d66336d596e745654766a68513338324e7976336d394e5a426b4d7642562f37796c507635714830704c7a50454c336b6a7134525859586d645049783056354c78746c682b663336366a7a556e7962485357656e5a6645736668375364746d2f4d6354683576706e56576d7a6e776d63667a734150415633754c564d385456315873633232586b796c4c33436c3472575076664936347266713079676a3044786e776d394f66354773383065663575674f7645463954383755512f41475367694c61355a4d5938482b55786455377a6672317134396e674a385748666761546355396970582b416e2f6a4b48502f4b50746e767133503636746e5037734e2f563576356f6239796e762b70612f3575332b323765667432615068752f3764734c786c71504f58312f6d587a4950507a5278556e637a39665a584b636854386236373436396b70686f71326a42364e657967737a6e41537756324d386e666645304d37776d2f7658746335776d35395470583871354e453852574577343638556e382f574d5764534d4c69696d39486947713036473375556b575a6130336e747278537871375836656c716d437a64345a48366d414c614b6c703846706d564e55726a7766496d4963446f7a6141316343733262724b504444653955645a564451696e6261516a584c4271722b564168514a732f426251536d4559502f464851347078472f4e6e4e446349656356376a75644a424245535a6c38486e712b55324e6d7659375149764d544171504b6763667652484b6a6a55695945525854546772724b62314471344732754d6f4a42647970327a637052477a6c6d5a6f556f502f5a794b773932324e4879734d71725155594770514a6d36574e4f55642f52552f476d7163383774774348706a64643472314d735a5358436548374278334650334f546d36626d6955637541595277624e786c386d78454741495a49574d5371567037355a6f61333975625a53546f565744314c58534355664e3251426730712f6e6662386262644d7071344d5771356a334f38527072486a6e49613058576b415a5777434a796a347765644f7069366e7334746c56584559614d6c482f7a73715271544a56796f4b4856717a5050447a436364694b6a78684672437a544f4478446c45427862307837664535483770365144794554444f385556525332557a4a746f4d7a6b666176493936766e7653434c6b58463835316e4f4d4770694665477950316a74747477397632356f345a596d516c706e504e4637766b2b556b4957633256767964466a76587462632f5354674463735143472f2b7678663656523130763464507a7a2b4765676f2b4d4c70302f486e573639384d61436d6b6f6d67534d797047536d68634335613776673271373436422f34782b4d6635547a7a67692f6848713455756a516d6236316c365376655052797a7958334365346166386234324f4332374934774f365a5442694d7569472b345945346248634259677a5a344a4a2b6435625a6363762f69416e7335454435517964716242354b6b61444c7464776b4777614464704d4a305a70676c6b6d614974496a7562745869664e795970597a6b334b4d336c57536f367675594c6275325779764575764d313831334a4e5a34346d2b4334366a4d6d5a34372b3364734e6d473937374f384b714d4e41367655666f4147536f744e703870706e7a65756d634a435756794e4d4177472f626a344675617639306e7374644e3850392b416963396e504b6b6b4d2b6e7930642b4a7269356f517a437045734d4744396842506371345278317a3262366966483365313457766335615a76764c38756d56416b5770305750717550657049784e47504771444e5459396a5936796f3737762f71736147597071382b79326b735a4a74666b63457948762b416c4475464a547652452b69564f4656346844524b6c6c736677764139762b663173474e5349796e6b742b6a372f50755139774a316a5a356b6f3852786234573643776e68457876374a65776138357255386b79567944574170696a46742f766b394971746c32616435484a5a474d744235632b30456f2f676533484b656e37564d61506e665959344333356d2b7a484e37425a4e584d4a706548506759517a6d707166784a6e4a6e5850665046727a356e58352f647063794e70765439583955555879756a546432544c65675165564a4f685475695a34642f4432654c6d5239414231766b765837307838444c655a593179676d6a7a4575484f664b72504d66503642646230717830336e3934634d62674a49374d344d547a796a744936517a3354666d566b677633764276356a4761786d753847375a66306e664d5a53306f616d45484279324265686a4f54754752392f47796962626c2f4b50344255782b6b4f655131484d3556696f545a6d545144314c432b4766597639756956513143746f58375845716a614e47506141492b7072376e454332464f534a34444e5771766e7a6d454b56626f65616a507a7574653355326b6d523039365648795837612b753164747076564e344b7433775a773666364466737037562f567455752f673045542f79633231566175797a2b5a2b347a61663055756637374c7435506a623864337947446e326161564a706d636f713833326d3943376e6f487571637843362b497032355330363664705736395a78566d7462725656707a77696a4e613537514d5a72703570357a486b2f2f3068627758614175656d4e3958704f5858372b38467757593943742b632b746442786e64746159762f2f7373362f737a392f5650754e332f733635664e622b302b627a336237622f35336174305044642f736630663761532b42726666305659363459706c393556332b6e677659727a2b746e6a4144553968576d53364d635872574e4e646c6a2b4b77622f364b6c4143504d2f507a397a4e7a726436743261526663497258794d304746417551517951754c2b66762f6d544668356657736657354c35654b6f5841417170666173524d766e4a364d7442626d74746347705972566a4f702f6e41713545564d7276423434556f674255327661682f2b70624653646d5663747a586c756a49632f4379424b477a505063564a6b54426c6e30554952586e31776a6c66452b5271586f37576c4d71676e7a724b7756486a305639416c62382b633859746e7269624f2f713133387152442b4f5364502f546b714b7172475971573031353354755779323455643753384e2f316b3648704a795857616578306a41713848532f38697a5234464c31775666485a6a61416155703533564d71665672306534765342706f6d6e517244653338346e736d364e4d70505a6e75616a2b4c59486b72436a68373149444841387666394e382f3841527050764c3538377833762f5432563647374132464a3566754342455366364b5a504733424958513647763534687233384c425239664a2f6338534646624b4e454b337a704441495979676d32547a65442f65735966676e354842736464557948452f5644564552654c6f55464a4b4e3431775978594641734743726a2f53514d6b764c4c4979374c6e48485a444d4e6b4672754165535955465472363863513544344830354f55555a45466547714f71685536314a484f656a3168735a5659477569464b6678586e7579696d4b6438654f6b554a396f2f4b79774d566845303566686857766478616d41643067354e566b366d6c33736b6e4e5536424457466a6a454650793558786a706a4f4e41773339747679644e6f4a4f4a5a32613470334f64575756335750454d7171784b334f77545071474d78486f5747455831487555765667724775576c553859714f75344f4644515a3641476d55646a7274446768614d714548546f353758626835617a64636d68735233486e4c697462452f753174782f767867592f2b456575725775674f6e35624f67687164337748636a7a456a7a62782b41794c7a524d4164595a447552355143475a566e75762b4463724d6a4975786272722f336e746c4d6c4f636754453737456a69714f4a49703771304d556772485a39796c775634623041796e63682f6a392f37336f7a2b4731502f7a7333524f3554313442417735394e36383145396d656a436b345474766f61434c586c716e79764277464d4b693645376443523064463776695a2f3870696c4879744a465234346b7a7a387a3338312f5363664942615544676d59787a5571554f436836613263764d59654c4f48492b6b2f5a35355a384e7475384a6765442f653864452f636d30365461394e487643786f6a67442f384c4d4e30613270576a63624b424952364e3468786c7944726b336c636279504550367a616846733448765961614c6a6d4f412b567971686847374f702b42396c6a74777a505a684330644d6e723152397154786b53734457584b432f4937785374744f7039445574445866546d2b6333362f6a457336337477557668334652367a3475745876713356792f5854754968325a6e6278565476527565764c726d6e326b7a706939324a6e6e376455352f4f72664b39694e654776435a355368524d2f76367231357a4b2f43574d643950762f7a6e466c2b356957506675726e2f4e79517a55584f4a2f6c6945346575735978573459664472427946616b79527052726c2b704a74542f7748414d4d73552f646362326161696e74514b4f2f77374c783236684d656d5732736e2f65385869676e447533486971626c382f47496e704e30506f683768493445355045514d3158616f753353647566502b6967444f58327a34464850612b36396145544a446557514d57654859464d36536f66754d634147795958775043677677764d4d6d3348756242545850636e354c486a30387837697042505335776a66506e38656661685477677833433066712b663168384b6e6631642b727566504a2b547539732f6a33366736592f3533583965783362514f764f5331716f4e7376316c623942773550772b672b722b64686e33772f4e6a715672753674784233796243645a634b52426f31773435436337776678595a4a426748335377564a7764316d546a50717a6d425a434f7641346d342f66626342625061337a56782f7a734f442f4f767039677a4f624f32527359344448445a714439692f4534777175392f677750456f3539766238316a333939617a6a6a7a447958563830774269352b4f685a6c344366306336594a7a3344684b2b667458396e6d41455a744b3537713732372f54746838742b2f32763631394f7a5238743339352b7a754a2b6c39357766366c66543168514f66785a6b2f76635337506854672b382b777a4665342f59303630487871476e79647a51395a6a647550563430736533312b4236797442597037764b47412b6e32384b494b4b67336d784861353746344e37483068634b39336c4f5a30572b47707a4f366645704f4f73614744575a686a67525749437a77586c754b79465273305334496d51794b6e472b4b546a5648357474614f4649776369544955587849477935386f4f2f6437346645596a2b71536864776f6a577a4e4d6345682f4c554b2b4357676d554d3979706550492b786242737461433556714932666a49374443435552342f344f6671424c6571662b6b6f694e54374b6d554c3369646b394e74737a4b745033746e424e686632573731624b7834346571647650597842583141684b79444e6c487730434e6473794e4a37687346434f6f30525266716277325157333776306a6a4a72652f395775366377306e37395a514e7074717777664f58626836472f624478674d482f334444582f5759333257716531763753624f494b5274474253576248767a364864474e327447426c32767734704f48636a35614b733677443370492f65484751616f6e4c7a596d4f36646343514f7a5850644937715530613975654f7870544f586333646a4a73784830463063615659633970444c59536b6c416e4344554c2b32613631574874446c374166737a57446d5268504b596462344a493631785032627a554965463061424377772f3359724d4e563774346159352b543058344754394a4e55724a784e385a7563385535686e526a6b69376232587761355052686a696c30594d414d73734e446276506c474f586f416d5069484b6d3472796939636f52422b69534f556556374c4a66466c79434952572b6841584c434f694f455a2b49733576356d627531432b3534344f66786334675550586f666c4e31365a2f4876765a576a785970574d4a7038795765453470683348766334385265466f357474366142345944542b366a31356a3477337a4677785a4173796a774a2b61322f5932685a4768386551396c564c57424333622b324b6931317972492f2b6b59364a4c506e7730652b445131646c4c554c656e577049706c4b544f4861584442756562726b6c376469692f6a62786c505444485353514f4e30777071486d664450725575424a526e734833666b4970784a676a483439387a345466324652433168613153617647326356655a6970386531385467796c59467564493835394d48676b544d706f6c6f34626251766165792b3852796e346639392b42427a7541746667472b4f6f63367744523537786b66384c5258526d72526d7a2f4e78787237564a4375364f63704c67485a4c30786d6f587558352b7a723962306f5469445774636e34667a6172345133562b666432556d366a6d6d5033747256317a6242522f396a6e2f326f673065506574383134474f6a365077683035316a55367530313677762b4937527836585a373268536f71522f33716d6447323244646d454e747541336f6453437a344739374767564873374e6e556f70624a66365a6a656d517250755846742b7137793353756a6a6537314c4b65646a426c354869794e2f454e5a4c756c2f5a554452332f587558583276645062577275576b4f7055346d756e45737a6277655368446266593538554f762b745639356a33623054476b656c2f307338536e33444f524432626174356a4c7643667a325a33584d754c50314e634c355875656b515875764a6f6e52334f36385958396a6a6b3437376f507a2f4f2b73574746343430384e7a3037766b5a2f566d57386459617238322f35695a33504a4755416c53666d66772b4d4a634b5556707456716263356b45483354506b54776d743241707a787135785665636366347552624e436b645074685864454e5a326675752f3534675a74794679674b336771767a6f302f30436c625a725971766c4577515a6b4d2f624d7775714145643542575546356e762b734143754e376b3745684c4f536f7635527933614f434d6530317064362b4d6a6a4f66796c356d6e6470413979425a4e36653770536d4e4e796c7a49732b3943676853334f46615a686f776e7135786e534e66506e342b3043463537746d647066334d2f4a2f75746335447a3847713733496b6e4e3966586e3951657642716e6a784c51446b3876376f6e5a726a35334972534b312f494d2b52393038486e535a395752755258764d437a6148682b706c6e57616e79656a476f6a58374f6d7453754868706e475678387374346a6b325637792f6b382f4131544842347833364f70737156504a73394b4f3839785837526e753862366b3245353932756f637664713756392f2f6c65335643444d4d6e7a337a6c666256353737612f75722b666e587357646339662f3933374e31332b32376637542b6a66547330664c642f536674335833522f394c3056382f646e357148433232665030664430717365766a4c6c71712f4658444b6f32656e4b75684e39526b42486d2f42664c4e4477544a4966506246473364317054436a6a7872396158314c37334d4770552f796a442f644e355078472f7a4e4b6f74466f626f786867794c3264685641614446573577736a655633696a754a5577454746687a36775a646f4b54436f78304d71426a426756344f6f586f5a31776d79794c514945686c42426c4d70756a4f46504d69464e4a676f44436b3045766c42444e3355793142417a622f3730727961343542345978775958727476586d303452625072534c36566a67315a4861775573786637444959734b4b7a6449343534497231742b30742b36664266624d4e47314d304a7a78713733322b652b4b41656d7762504a32334731373968354877564d4a37464f71527a6735617775436b674c447a755a73397846566f39753962666b76484a61626533385077757474653664646c66326546702f637430556a54506867733031326e77304b76694375457648397431314b412b65484b4d7a4d4c78356f36394b37474655783042495a4c75355a6a67745837564d7a74455a3136344a477059464d4a615652534f415a6432785676375962332f6a484d35646f75465745634d464c4445754651653159526f6172454258706d542b446e6673597241387341312b594f525665375a497064526939667a493043482f306a7a396f416378543932695064506e6f5a426276316a454a6c4376395337426d59467076306b4e67774b4e694a4634614254726377397359725178746f7258342f4f66475272717769394654355a354e44677a37482f6a61724b446431464f45375648622b767632476f78395a446f4e4f4368316171736c68736a4c66565a59545855635a355a704e3259616f5047394f4f355865587473463933374852372f6a317136343930644671424d2f776f45743656417134346f79764c566234556e417776665563665453396e436b4f437359714d6943466533694f3370504e477634726633416a2b3048507670484b6162683435685a474b303954586d445a2f4a6f32444172785748416a2b3048444737495a2b723275635a376f41786767642b3277367a682f79636c4f58626277596d554d35506c7658454a47484e644c432f6b646578396478736133767648435434484f693774676862333632613752394a6a53774f396d6557656b543962775a6834705561546a6a4a4f4d464b39796d7155386e6e474261565044533064636842306430345054634d4d4d794955723147474271426a737a337636636f675a566b4b676d735944493032305776706b2b2f7335715656694f767335346739324e426757514b6e4a773435544e755132576544307833697334374e724469614655612f33794f4c6a705a62416d693830636a32656d732b2f305558693761512f37707531344b62474a71327471564447586c4379436830486e4b3645746d74724f35354f74487868786c4b39737a476f2f65516c6c6e7a54455157612f624d4b495a48394b6579554d323235717a33396d6647336270446a36536641596945422b6658594f6c63743471535a4a386a50323235446a586f355954372b4e355342724478624a412f4946786d584a376c6e6d635a3873726f5850657a7a694d6a7a5956763172614b354e4f783959346a332f5457627268486162445a61447a334d7a67556f694c72465a65663765384b6c765065724c36763333475356352f4e6378365032664c554d554b322b6d6c6a442f787666695a30532b6567705167474a774f524638397a6d37494c4c653757416362785534356c50636335776343594b624157792f7473646b31574f62614d742b643965375a487048315a78756d464138764d773350386d55644f584a4a53594a2f526b486c754855696e55343564342b456b4b32722f4d39302f39772f63746d746937774f50754472502b4a774f7162316b767a52746d6f326441706c6c4375626e3270324278373157673438364b362f4f5266454d3432667a6d767630656334487774644a4a6a627953445775796d6a507a3359362f552b6c645067386e532f346d6a73466a4136612f68797a47696d75745954706a494d6476656a6639486d646d7a474c442b2f505939497670564e726b59636c6243753758632b2b436737747449616b5535507a4b50465a3137513653382f61695934495839567844503238704b306e3368545151493156303774733165667064374e6b3270572f656662656349655442676e505955444b35514d2f386778324e7537686a456675314c4d4e67514766376b584d37624e2b352f56702f377065346c58744b654547457059542f5a71444170364e6c584d683059495644786266726339323864673635376c7658636372584a762f5a6962527a4977597642437a73436d2f2f6458323166507a642f66316c54356e2b4b333468312f74387a2b702f636f2b667266763974332b37396d2b4852712b323339382b3773753152586a2b476636537150517a49792b5973352f5958362f4d70655863385261774267463158454e4b6c7a523650784d3462767139324b586b7a486d47634e3653734f34654961527241536847713153734c4174465a7330784c4a76395a436542514b647838796350784e4f53766746627474744d4834524a325a3436547a5a5574476b7a38414e4a3964325363634e774b4d36532b4677314e4d7678764d794856354c76564b4849327a4d4668476c577871744c3231334930464739514a7637526143395a59434243504b352f71787461345742716957427457434d564b68773268664e59535563712f685a3339504f446459474a4466306e44495648373366672f6c53754737472f2f4844425a37474d5536716f61393169425034633871525458722b5249654637753467736b6150474e4a6d516363312b70334b683659416e755037413458556461624e647a613159324959637a79645038745a55673636765177684d334b6e4c3174755a654d42466b71797758664b374b49416a5437484931506c335a4a59306452415466657568504941517252535463434c356a78345445704e752f777368566171396e66722f5461317a444b566f5372795a6d702b564f704246696d3130395a666c7133377938566669327a4c6d7a5763476d5878427657764b66436a536d2b315a684b476e4e70463979506a31436747433642753151794d43582b654435373067737131704e32355234686a5a2b44343079574171676139707a505a73326447514966486f47666c62722f507077487a6d5456614d6a6d2f694a6f315737374541464f327545476d6b3069774d35393836394c32334f4f6e48765339436d434a794d7934787863323630796c6d516b694f50486766353050546d4879416243746c4b61614853774e713876336f722b685047514a577a556b456e36427452353044457934706b2f76525232504a655050706268345a6c6d655a564d67647737656a6857385077775730484f33567269705372356d4f57423837736e54664f3242543454463574746d61564659636531384a4f4f537132656b6645423930766263597679502b2f4865355a4e36454a333339706237454e50412b716c5855416e6e36547074754861726a413066455370425458304d714c3936492b634d783358487632426a38506632634d4176316b5a304339527a6b4254784e2f6a5854703461584f4843426f564a6d577275544e6a3059394b6730386e6d48382b6667716568504e6971347841386645796a53714e7333655a45326e4d6239735064784455636a7855786736594b6651644733357362316c794131795246577a313771657a6a5474736575616a76653359734f583561475a34323936776f5a78394c6e59354f5766357331584f59347630745a563968626774504c67356a3042594d6d7541303356476e63385a757044707468483830626932656f354b36435a6a2b6a6b6230337676735763317a706d765638557336547a374a6d3878522b576e636c69693577316a316f6a4b496c576c312b686f77764e3537343949546537504f2f3034306c424d6d7577386430743439774345383276626b47466f7454624634774658766d4c7374697142776e64344878737361574b5066646d776e6334692b7951657a624b61306d6c74436b3841412b7948755435785270694e3073707a6a664f7933442b75504a326f54386169537550506a466c7a5334646857566668576376336965504a38345641774f775a38376a7a37384d2b4476636f5574353831744a68624f70377668746e324f6b356d50656a3447634a412b3272444e4e78566c35463563706538596351473859535131752b663971544d5941685a516a4a6d4652334642304178737759382f7a6d4f5643476d32476f7a774e4f5877796a672f31426737535676474242663370505354454e7973737a734941312f31573977624f31414a574f327a3948477442654f6a336c485454435567335169686661356a744c563650666b6562503779786d673437755757647753446d4c396279355543314c63594974595a43775a4242444764434e3835487a6c4d2f48325879474537793741436d7059445732376a6e37554e34365336555a5841365a356741776f31686c77616d7a70575563624f42375a31693467335a6c6c47794577516e6e5235362b3167735a3962782f36724361394466586535542b534d6f727a6e673130676e4961415754637167643778586c492f784d6e73756772706f6176442b54642b5a31722b69346f5a796256766664334166664c377063644177327a6e31314275656d71655850334f6734427a7245503275457039384877682f5a6566377a6d4d2f6d4f582b7535784959395a486331315751466c42332f4c4f2b4578596d7a6f6c32706b486b462b6564537070512f3869616c55356a504a38726e694c75704c6e2f65512f307673797a5055317378734856656c623379517047674b577577586b595a6c474c38377a4950446d337a3344796a375971545049465076654c62585858446d4f4b30394e58364d4666316635564d4753626566466647653966506266763974322b32392f62766830617674742f645073715138356e66365866502f7275562f716b677242687a5a6a4e37354842653758574661507a5235676676746553776348414548796c5430756c68722f6c2f59784d654b5856486a326d615268336f38645a5154623341344d59643164436162337a5543576e4d4e425875777a47756a32553656727a73766365645a646c374677646c534e72324f68594f696444474636506a2b7a704b5578522b3545706f6c4d4270476c6b61537a65595145626a7163525036707330503731373273596f366d775373634c554c427941395731586443747030453946527939343436486c77674952626b72506d76734573424b714856686131536938766d4c2b62356f47515a6d49446a454d506478664a54695075433052315172674654412f7650344f63456868443078734c6b78365a4c776636514271314b684f34795a4957464c78354d7449704c5a62786c462f4f394846384d7942587067556e6a37376877346f763538474c7845455a5470364647476e73353365686b777a4642476262685336646f75325265466d79475356326955346d346131414e574663337371373333422b35525a317356505231754b444b346b5a78377a37547148497676365034773874697a4a586a456375386450375933374d304e595739687348337637344648466f3478546e4d7242617150743446476257546b496856364f6f385a4a7266494245493457686a39482f30684b662b6a726e77344f714337516662534c756764654f2f7661534339746c736152432b427038532f613775363053555579526d565a50346670577437344a7a435735325a4e4955396d2b4c6b305239446c6748417978323449666835716c535476683534704a4749526d4561796e57756239734e6c33594a42794f4a686c76564649317a37415a6f69347766666371455534614375717638724f535a6a766d6f30317152762f6e2b2f567a494e347833704a354662597250704138735636446656566d694d67694f3439465976575535437634334861337962353967525a5165475158733255686b6a555a6c386950504d367877635862344950326136514e4367625a6841367a6a522f75524276786e526b777151782f39794568494e6b6243616651766f38584c5942364b336a6a76445273657541385235537746415444546b44736475504f546e317336657853656345396b7a755977636b5535445434517836614f4e334f4843336553386e323552386b744f676f716a394f73346133355764444d474170587a714c446e623375754f506548384f362b4478513536575a473464384838384730376c6d39374366736639304169424e334d5134554c694c485065333751637562522b795466426556633570704b337530485674657a435274662f3363454477472f5352446c6b504b574d324b7a41355433647365535466774c4e35696233324f3345506878466b325246594756464a7439546f5369556f7a58656a63633179376e553679386933345778634265674164485955556a7a59354f375364526566304f58666f6d317a58393336414c7366555771444471474966756a6f63412b362f4750376b54774538534a547051647430776a533542634552397a35614d79616f7a4254666e546737587466776b566854666e6931494a666f634c61415079322f77676138537a5448424958353730363054313572356e6c666337356a374c657950396d6e324b55587430374d312b6b4d43336331452f727674424d546a436b385a5277552b56765a56714233436e7a2b72334e35542b5552317a4e2b316c37786c634d6134433558504f6972366679715932474f4e4c352b71777461416a58716a433334626c5a367076587266516f6e526e556147646a704f344a39796561506335764956392f49676472337976366f6e3032744a435a7a6f3475484975384649436b792f7239626a7459666f7559716252533135465a2f5a3656505a6a6d576e4f676244784777484d6478516d574c4b635a4c396a50324439417034327848774f644f524f4f765a396763345a72724833433832644f4b49754f306a6d682b71673752654577412b4549313872387a6b61636f724f507732674d7a7441315558376168496657374148626b4b5870444163667570576a52574f6742586d56366f76795a4a34626c5648355231313941593269712b517035704a6b3579327930393676356b355a624d414e574a58744d736d6949632f4f63314e59556e65547a676d77695936662b796d657254682f3971486a7145356c5874464c6834667036566c76705a3976474232395a73652f684e30724c344a36454c474130337650614c70694a37466f6454506f33702f4f5341356261306a2b5357436e756f6c6e63336e57356e756735694c376a6e6d2f4f4e4d76774537366454795638704b4c72456e7a584a63344c3434305a356c4e35576b377257506c7a4d433165566b36355965514f69666c31326335354e55615a74785576446a424636342f32714e7345702f526e3264332b4b2f4137374e6d3077382f5859314c6d4b377538632f36582f454e347a502b323166372f5350746a38446e587a482b562b6252684c352b70632b2f36726e763974322b32372b7566547330664c652f74546d6a386256556a7176556d4e72506d6c6e342b6a78654d58392f74716e52416c68376c352f6e38707a642b4c504d314f6c7a38514b656d55714e6f6e67312f6c655a49305952367439555048397553446f7a59537872304448753436684d705043445650536c38513256507663424c316b4163633567335873793454436d663931536d46734a644b714d32397157696c6b595468486f5145564d365a787a34734e61505457694b6842366479502f594c676d4443684553656f3872632b59574746694e44727532674d36504d71586351635054666e50353662734331747a3563397565365330726e712b4b6f4452795966476e74792f5470584d575648434567433566697a774c2f626d3052393437782f344f4434796d30537055386f7a58715037744f3475352b524f414735557066485749316a644b46485a42636f516338416a594a6e616b346273394d6276534b4d4b4257724957766132443369582b38666f75366d4f4f795041466164636f61614b795a357a346e6c71717154716b73316a5075666d526f6b4e4656585057716e4e747168315858436a4d345a42496846544565496444746c54374a784e68587643794674663536674d59486d4e6137766976622f6a514e58487853536f4541354b4d7a71363634694d30636d5734374263432b4252524c6432773756644a5956324b50636e4c3338395a797768777654506a49726551647a7a633058467664617a5a785458534a66394e30335854397a69576669762f5866633274576a6e5965355657595930707748446a6432687946326b386a775a70557147676b3754664e2f53537a682b77612f727a4f7a6949792f74564c4f3072435557544c695858666f7545686d46557563326d79547241436a4d694c76736c6a6a466e766b597a79536c726e446a7a75736b545a787a3259467734794c78446c562b4c2b36742f6a65626c746d6d56424841634b54612b552b7a6770424b7058762f594557654a503374766d353154716f522b3970774c7a44446542486c4c6e347366314174353577594c615032335a4c4266624a475842536e694c326d476654386448485a35546365332f506430622b36717979302b3872326e374c4d2f45524a5764306939536f51414d3265596c3067677644354b566463416d6e78614d2f5049754e34415851303343774d7244516b5746764631776945775467546b3733347837332b694d7a6c44424c432b66486241653877326b672b656a3355396d62704c3157644952373071434f52304750726147315463356d792f4f742b4f6d387a6f593973687a6f666376762b627736455149495842717a77764364533252572b4f6678543268326e4f516834777953396d3968764239774b7a376f634879644853646f3043396c4c5a4b325532484b7a4132386430662b4c4a797077706e5673394f345977737a534a6c5a6c4a79494d6d56357a6c767453654b44685750576e764e572f46576a436830476a74347a513830594e56704f64785a6e4a2b2f6d4d4d677a676a6e377a2f494b5533727169573777485045646e5438644443376d446955444c79775a5779717a7a4163653452523134734d626179444c755a48307a313365556a6a366d6176534f312b6c7077707a336d63725261365a304b6d324152326e382f6179372b6d4872544a56786670747834386f4c365a777133474b582f6d4b724c51366c2f4d385a726c356c74327935426a3638507a715474502b395a324341553666722b59387a337531447633642b656659662b76542b50376656775a677666746674646c497147316361784e443851676e5a714669784f6c73394e6d7330745a7276346b6e567239625542553649373161772b727a6c41754170316b6b4b7650517945637a6376315a6c435a354e705558622b46555370365244724c716a4a676c72735259706669326b704d52446838712f58363266715839656365456a44512f54376c737379327a504647656e2f654b72415564675649757a6e3472776c72486d5230672b4a6e5375765565726d6d57777575555a6153755373476230664747546c4956435048454d475a492f684743517a4d643054306c3363754d4f4a5a5049703074466d756d732b6831753659444a78332f7133526a7a2f4e5174416f4453737730722f70336670393732314a71574f503438713741584f5a6c7849573962626d765374647a3556625a4930397953654b4636314b75647346446e564b7061364f7857427938655536553332334261342f6a6a4d397a6e63712f722b616b4c5a31637a416144507363736a632b613379673472724d426e4f34796d2f5a6934597778396c734f495473444259526e574b3072352f716b5a39344c56624a6c375354786c626136382b5a78426e77325a6f6267584d2f387a32704e4a78796237674c644d782f5754726a41526a357a52636430524349363958624e4e72545738687972546d6d6577346e2b7846336b47557a4c5558366d757973636d75464366464d487a706b474f51364d7574466e4f4c474339576650724c34667a6a326577335a3265464d362f67717650327372504a7a766d494832345774343738382b7438664d592f38643764556576594a646676635854766676587674332b3237663764792b4852712b32392f61306f69375949726e74685449707235346b5768717546397078575462616277357338416662632b592f622b6966585a78413276765658362b6570357456516437395a796d67317378616e75544b416630564b782f4e76367a7a31514a75747675536a46524e7036466d3146706173476c5079624459544b384963695845734d6a2f566f6f5342395035753747575663344b364d343141596e2f6d4d55306d6b496e5a304f754575615870687a617462436961426e5a4b47756559616b436f592f74726549384f38536652634b397841306d44716230643658646e4668424832414163384e6439664850306f523030744a775a5450414255656a45717447612b697954724b34514679586e56387a703052726257664c5350454654397972314730772b4a3366595a474659376868736f39385a374b63686f52584c6c64696c6e756f346c536444547157797139537956542b466470456575647657325a5070327030486d32444f666f52537066414b516a53555a6178646861526b62783730435045696658724547665a3568774d615379792b6838676248654e6d7a4561524f344635614f744b6d6c3063504c634c7a336434384344776563392b4e3957424f62472f30387662766a6a7350637a34766c6561476a6a4f3748745632524b586a5249305736343834646a3354484b304f653473594665334f6c4c683047694765616d70345277685171777951627a6b4150756464616c6f4c784d37696e556d774c423449396a4f49374d392b4563613967365058474c784774514563545a7658347362336830736f52674e6d4645703678623879635173634441374f78454a5937626f336c4c4c77654d66745535537a6e786968664d36457847546d4d794b7a69382b584a4c397a30647a53437a734249637a7157754c4d576c61642b6a755070564744573258736d444a6443614652707a6e64716c5631786d4e2f614658766238583538524c6d58566c6b4449696f387a367835424b66462b556d6343667a52386855367232594e7632302f764a34384b6c504c2f417a333952446a6330635850416d615162695934577158564c496f504c526b694d2f645036657a424f657268767a595a4f69744e7870585342384b756a562f56366251305242775937766b56687257712f63356c57366173654b39663042756b6e5443636357344a6377777a4b48683065395a3375474f4239365039366d636750656f504154504c506d4a41345452324a69564a694f7132355a476431316a525354574f584263752b577a6d62454654742f657472664d4e4d5053446a4f4f7a42485943746e545751424c3366536b635a77626e5a666d636d4c586473567475365a446b326679634336436a6f4c497361794d683933704c374d6c615559597270483945552f5577594b4f6e782f4868356643516d545841556159687347472b372f6c477370686a34616d697a6b745a6561514766387136315448573773353343574c4263447355632f7874304d7a534930304e434e74375778677a584f7a4d467953357266676837672f39344348336f4630344b546a6d664a3653672b4a372b70304d68682f5441786f63523963327a5877305763376c34496f2b6d354c4a2b4b4538554b67497138456f34484c306f4279506e5649654d353777485046735a6b527a6648346c6956743972616e34394c2b4a477035627250455a6a4338746265433177716635415757765a6c6c3648496b4570344c347a4e5966444c79653070447a387278656334643352316270676a523152327159394749786849716f777647727a63646a32644878337532392f6e2b452b4f346f506e617176706b4c75787a6b5030734438453437336b66707a31583367525747666e6d64396a5846734544626f53534c4372576377307a2f374a61413750644d514f5047754234506e613735446945637a6e61726c4c767879496351416c61663763613553446c75416a54516335645a4f3668415a3738474c4d6d70517a55783468304861646b737062506b58616b553343384f2b69484a6e71722b367272562f672b2f5a63796d466c532f59526c47504747765a7234706d65346673615a38326e6a33576577634e526b3849466d6c516c635175673670724f6a446c786232354a48326b552b4c676475586638356f70766a7a385a4f727555682f43767039554e6f4d4f574147535a357831414873584475474d754e6a446969664a45375a593341354c6e6a334a6d354c4f647668737a69497555377461327969387a33344c776d2f71746e564846482f795a3879464d4f397a5a5537394346333178467952503356357a7475536b2b66395a34486f593747612f68734a376257636377662f3671762b4c72467650547630306f713531354f543654754c544972504373622f324d2b48626d483145384632456774456c704d737630506c75375a6d42776e6d4d505853364464637042643642415a7055395673386937337972637063363575714d3874386c76706747496f3338525431537571686e4f4443507466722b737a62506358577a5075747a766e76796664454c2f736f6356702b2f6575757a50696c76664161535834585a6e2b6e6a7845737333762f7150666858744d2f3471652f3233623762763735394f7a523874372b6b665a32516b2b672f567a42397466587064395535474d37314d6c654e5170414b4c4d58774e547937466e2f6c34714b782b706e7938592f302b645633714767415246444c564833727670544247746d4774594277615a635548506370656f334b5531656d50724b765754446c3739746958717431706b426d544a73627a4b30746c424f77534e31394a434e2f626465684c49494b653733334d4e7a6e776e48764437416d755561394b527748664a7851722b623072466b597455615059363846663034485277686330704231543848397048775749654d576165302f6a6f2f6c2f42704734542b5a5753436a466567416f576b686139794b46426e5476567365306a3238764433317433395077786f46324156305546675930624232566e447038315171584e7356622b304e373863484b4f69376f73474e45322f626264695a50534c436d515567466364574d43476a5030542b68654374715a6b647075485a486845576a486268656e666249774b34366e37546f4477715a3439554c4141566e5470456134494f497a33784f3955796f694469374a6f4b544361436534436255504849694d31684f446b42456366536f4e7631664b5067683669744b7475315a54525377585a75653053434d7255376e576b71596a394b616f41472b53724a63476d58645077414c49304f684f736c5575306d4c42744c5531517133674d645730526f307a43645a774156655a7a7052554f4176682b5246534f557134597964464842707a6876614b6b6b344c6d724e4c36462f335445756b5332415a614a494933346562796a39353677625a48696b58545063625358513456355352376668304d556744615642694475564a333649374a37584a72546c6c74376738484c4c427742597872533165424e584f543534706d6d513462664630636148786e5252367257624d50573267412f645a5462327a625336316848726d757155616f30354a6d53617161746c375a48644c634e536954693744334b6576774d7035744c323747335336596f667752654d6b716f78353741776f6d6a6c33453666345949447543323354497138702f487a315438386a3468725870454e6f4f4248676a744871506a712f3844627244614e634c63716a514665617a64397344484b726e67456531377a6f634f4177566e685445566c653567772f495633432f50467652496e4649444b752b41796d5930646e364c37436f6450624a57524a6162356b343544326251454a704d764f326f5066427a4236456e7459364f555148637a4e4b6868553431644643675977742f58786d66357872517337506937474444556c6b486146425352585650513834646f3050446d612b717a776b486458546a74347a5774484263594c594264344a682b6d766b4858324a556b46444b616c657a705346427858467a626d396257385a325577654d714f464a7a79596f3454647565734f5a7244776333744a35617253425232562b302f6e50644b595a70484f334a444f496271486e45794832796b2b63432b2b592b4a546c4766537a3737792b37486751362f746d6a4163372f6d6957655448723547787738776b59345875384e6c77776577707863745a37754d6f4b357a354d636f46434661515755666d7243417059595268316f2f79325a46724d63527937627833666b58574a47322f74537449743244494c45314850794a377a4d4d64565349727857594e483038795151787a6a3661305a724d576a6a66333033507a387a516b6370317154435a39314777684d3378576b6b517a6c35466d6879422b50362b4a353331766e713170646b715a7835376e3064485253565036476d4c50464d53727a79694a714c5471387a7762366a36624a2b4642427a504f562f393974725a524870774d4b44622b547269754842704f2f4c585a63416672576550334c7566797a465366366278737a38614c66314d5034762b66797877352f5350647244767262627668694578464c4d553277366e6b64634c4252394c6f36466c656e57464358696235467145373554794134466563337677384f52335758634531443862473269542f7a47712f306d3344764851556553434f507a742b356e674c4758574663384e3338726a32713436767457666374632f78552f7652457a484f657778516d476c307a677359376c745934524437414c533855576e394b482f7873725277494b546a4a2b3967636a6c30786c626a70633564446430715731635177307233496e416535414f6551644b70634971794d33794c64357468492b50334d2f325a6e656857426b4d47572b52544a754d4f35326b307069704f4b69315a33656b72655874657733433354775a5733614e6e375256664d4e2b482f477a41326342356a71445a474a6b366673446c4254792b307037644e304464647973597a732f424a747050666d6c61702f37395652674e2b79356c4970374e6d2b4f50325657704135374c6d745159365851505a7654307330496e5a705650636b3467372b7a5a4b547359304b4d306a646b6f2b38432f4b713578446a4f6335752b70523676766e56665539637738634d357a7768474634537459506d737233436b6e7242586c65543047365a617535592b325a2f7a535633704e6e667145502f2f75397578734f3830396e38472f6130372f5354443662742f7466317637646d6a3462762b5770674c4748324567566d322b53696f466349337a6a476c6458554d746a47392f2f704a6152522f384e5a66663534785270494f65474e5a5a4d4a6b46467a5a56757647726c614b54436d597a52753956616e79445255543175662f31586f79437a597252484251625a46366e6573484b744b5a5349754378527970374b7173334559674252675750786c6b613847594638566b5971486d72596e482b576347686856497847624e6f6a7a41656a417839433847686f6c426d68514c2f596770386731584e3855366d65354e367a714d7963342b4964697139532f42775259572f56345a326a577a4e61505151616a703670466776677a487236623148744b4d715a383477517537747853345a73546d6e30575a546e4755554857484554424756476c6f4e326a543675654c345233734c3478527870697164383933634a363333485438744848324947347a4954377778444962775059772f6a6a2b6c6d4666466c696f7456476c4c5134557138626377374f763443574e52656c44776e7056586c70377755547242536c484d4f647932473169326751496b31363631646263776347614b6253746339543270794858455374324a7873325a62737738306c4841516a422f32323431763167647378336352646d6536666c42504b674d454951745539514462735334686850516e536e777758534a68654e4d6f2f3249733656343659347857787035576163386e6159344c373857456e364d776d31437977343535385144396b4234332f73392b2b47596242714a7a6e306d76664c734678706c7a35496b505845623866636a3645515a6b317336674853557759587a6269775478456735516a75455a5338666373476a48326b416846585573437067625468444e496f554c4e3632473635325457583158534a425369485530726e4772425149732b46437a38436776416e446f4a636a7564522b5739462f4f6d515566624c41765641536e3551456456365a4f575434336b616161484775506f34376668342f59373933584f79712f6d50446d767765724831624b515947476d4f714d5052395a5259426d4d565966686464327755666b3447615a79536471324a6330726375536e444f674f56774344764e75714e7a35643256394e637169386e46646a5273376f5348557479536c684c4f7a4c7a41556b4c467a3943495478787a767533676e47514f7556416279786a64776d6e795a333950334e43396644444e3935512b6e47655047583149662b7675527a676478646c704731687167765352754e4c52342b352b344237475634314f355a336736642f5066484136586d444d754d4235616c3930476947764f5a594b63687077502b35356c32676d436259352b74574d5a566675376f535a38484f46727336543949627a4b636331773656646f2b79454f3357783141764c7765692b4763704a675a4834644d726c6e5035352f424f45466a5034484e502b7a48684e6d476c626e622f5639382f342f4c782f3756727073594f7653386447365a765a516877764872465064424138307a374844546f6c53546132366635357871767075745641382b69505448462f636c594138576b626e466a6d4e634e77656f2f6e52694f72562f4455763166382b7a586f2b6a30633835536e7073506738474d566d66367172635a4438482f6b675a2b3978306136727048486d34305a4f7977356e646f6a47696b3067305031572f737966376543475a315157584a6e4a647539576b5079426775636d39385a364d5041765970635a5a5370702f6546506a3162693762646472525744726250444e4636702b67644f644d676e622f53412b37376167377a4f4f544c6d596c515954334c65485263354a6d71752b6f7331772f6a6b45362f6d4a5044787a502b4f4b31334874447035794f64306c6538684d6b594f6734476d4b426f727a346a66565566474f534535476543442b6d3970334f52386a394e4f78562b716e6964636b3662737a6a6f3344753862492f6553546b2f3258396d7a7076376d58554967314f63544a47384676395076746f6e332f4d38764970416e73636461636e7a7a4754502b74496e6d6c5535544d727a354d456d43676d3969345a7966644568335a473155585a794759685a77477275674f50393233624c37452f44504d304556382f7255686c6b58757630634d7266497a78386a4d7945496a684a6d62387957395437356269702b68774e30454536726168547562366e64466a686b5469314d4f3771326d507134463342556c637a484a532b6e457368766e4b4d4754396666615030386a5133655374684a626a43753570736f4f4835505a4942416a6265487a716d366f744f393037715559396848396e343257723831586a7a4f702f4e57353864377a7163344835796570376d4e2f665872512b346f2f30334e4e79324b7a7059697336665650336e504c6279764337373367504278436b434563796a4e4f344a377a44666e7a506358723337756f3238774172586e37383530304a62376c2b6554584857744f6d4838312b4f6b37715335336a78362b7365332f3738435473356a667850614b395030742f662f74772b666266763974322b327234644772376276366d6447594e66652f767a64325a7632524941767359456e6150697a307a51483775736e72387a3938647343732b4531632f6d30414567444169615572656e3044514b5061755733752b4c7570306c374c52536e56697838475a56532f6f7a4a6d34314c6f3377732f4333703446656c486a43304b7643645744325130467739464b557a6b5a346f41546e55654166313078686c5838334d3979324b3635326a65697a6969626349674a662b316e426b556f5847675a556d43696c54536e5433767448474568484938387141714368496e5535467544526e587662303167507137466f4d43526a376847676f62786f6d797550344c41304d31776a596d74326f416e74556678656b5753373754437a7a42685243756e524765584839674d2f74682b34744573365668437675443764663355696f4a653443735555686d4530626f2f6e7248456573496a55664d513637364c4d4c70744b526c4b4c454e4b6b7a3570444f514d6f377643746d6d2f4c364f5968536b70777059783073575930584c6572703964474b54326f384e6e6246695775533745304b412f377776694a4d767a6457535968484145536e304f494a52374f3537414d7442564462364767596a7071526d705275634a44556846556c57474265456d36734c6364477a51366b6e74637870706353367355316758336374495a68446554477533646a64434d737336342b5851693876546b71626f7854566e6163393862576868464334655974762f57627469777065475264477544524d6448686f69336473754933434f4d735279507465534a4b2f642b782f33346948547242393632477a71412b3346502b4b6f716b66396d50653770446d584c464d7135766c48686b7a69547973524636746a59437a6f586b5a5977476e2f412b3177546b693452682f587373677a465278697131536e69596e746b355a6854303162326a504d3678636871457155494178576c644f79367456746d70756e6f4a3255412b313146764c486d6343726c6956386f7038454246735935394677663530626a516f5044676c467667476462596270777770466a444d344741577a69364c43474d4368666f355442627473496236757a4e57536836463177726b665559395147446965684f63703171597a6a656a4f69574c2f33397a32316354673052633357644d714c64626241672b5348344f57594950584579576c7534547878566f62574c346d6a3572534b45614b654265557164344850652b364c392f396d652b4c35475261574e49666c502f7a656a6a546863616432306654792f71596a54394a385650535a476b5853306331494a7776326c596d47394a324b594b5a3250634b353678467a32734b6867686b4e794138496a30432b426871705748664a7264334b30576d43435a3075534f755442715742794249664c4e6237336a2f53474b563341625065384754774c414e396f474f4b4236784650504d3962746935526f61496454546b59474237307054665843742b665931763756616c50444b377a516776316d372b434b50386243436165555a47413865743675766a6e5132384d45697234723334544b586276462f50633752306171497a6d764b435376664c46466f4b3249716d484f2b746b6e76712b52567441656b5549475666484150534f644b6d642b523335532b654e5a346a477037752f5a377a6e5a58654f762f6863346f30704170706743322b613057744e4d702f6d4b664e5435376c5442303737336b78684f6c37727a496b7371665a414c782b7a764a387257706d4577614c4a6269526b4f647a6b696b3452335669596854756751506f65464b47445a465637514c656d384d634f4e6563513831716469615a2b6532615678694832345a626933746a79733667664a5a66782b657a504a385a686574634537756a692f5073434e6635755575554d494d68496e5966703732636561694e4d6b4e6b4e4548437153574e345230773435586969384b41652b6a6e794133667a5678654b36506e584271692b4963742b4459617054306a596a6c654a64774673586a48754d77723868667656645139532b634b6c54765459594a37462f4d682f304f6357756c627541624c632b797936374f7a712f756e76382b304a65566e4953324b2b774e754237373533797a4e354c69324e3262462b386a736168613851546e5a6b3262336c506d59515954364c757151444d796b5a654a4950644a44397533333873525477484a2b4d2b31667762585a346e4f427a34722f4145545745786d613071374f4e34336d4377654b3145504650766a354841324b382f304d6e505679696d4f572f786e3543504b5a487651314f71757565416253754a58636f75504f6178726d784e3974784c3130706e727972754c66674973345a325a597a522b6f73316b6c4371667659634f6238316b6872364742497176376b65382b57776676524b365977524c50326f71334149435659386b7a6c6d4e396a324f41614276342b4e49587371536e726d4856742b34686165614b4a35782f6d324535387a694a4d774d4750562f6a4b786f33333457663464344b6a3062367669374a7248327a467a333735762b52505469337a2f6a4876367639712b62783258372b3262372f552b443333623762642f763732726444773366376a32687a7176745837646c46754c6f6b5a7948456d62643175595776587243384d4a57352b596f4336375035723937784f754e325976782b74612f3268506c6165556566787a6772534f61324d5a4b4f745863784b5a6358444f64584770587a71737a357362324630734c546f2b74334f73364a3455635a5a2b61553054414d67754572415773326e6e4f656269694971466b71372b4852675a65326e777a54326c5177344e396a3143416a663964704e2b6431636d476a59634a4f686b4b445231347a6861362b66327458654570753171324f5562746e626e41462b704852725131655637644b48566749773454584b445379526973696d6f5a726f6e4f4d737675754b50486f4d746175507162396f6f4f4377664332765945474979716b614a41695046523962315a37774a697a5736546e667a39634f654d476c594b623035626a354d54412b56796937454856665563716f64536761324563314d396f59505a4935667653634a42474b3050554c505335746f6c6d744641364d514a665533557a2f6659686463584c59467634773549744230626c486f577949584f4a5765454b656a6f507154466a506c5555386943375469503372494250534952656a436d677a5a426e30414c584f7a7132794f4c5159342f486a4235397262694c733954524935567552484554667569706c434b64492b373974763141476c6d4a3971417172386f6938464d7159586b484a7032774d747a66315469566546544b4f6c6645747a4334394d51424f6c6b6f72724f752b33757653464e6d7571424f73794d79484e6b5939616e3456775a51513273734b2f455177324b50766a523257534c5438787433684f4b57584e73316a5a63586357686a4f39306871567a3165624d4d682f38383548764c6a445071364d447671475667744b742b4e3652565431725273365446466735557a4e787764426f73796e5846774c746a6a4b67626c446a4766682b6745342b5a6856476a4447786c4e4c474a377066796c725368366856373145316c705346476c6c4c576a5173746f7232525272453549706c7a3365447270584c6e352f474f446e6677324d4f4a6a7a425470775a58376d6d4e586c576f2b7272767830642b7a2f6b727236587a55667a4d4f5a6f374b7a414b50392f70565a4a6b7743767a652b62332f66664130306336585a5243742b615343737030596e4163754c5a7247497676596878336d4b5279486831353249686a6f474e4a792b776f525147347578774c734a67584b64346c79356e342f4f623039326b736f674e45394a7a4f5a656a4a3235436536493164474f61307761784b6a575257697a682f78584f4d53727569474d6a7a6c76774e78716a362b712f5475565545664f4857325343766434795753326d326e6149352b61395a5a526d367461756e553065666e436d4b663943784473466a776762366d6478787777706d42662f356f5747653832654533795075516537704b754b77773875706557337a4938737063424744676a65553348546d6d2b6c753765504939387a304f755559613344486f6f6651304850724f665a3271724d38726831353976524468664f42697370574f6b486e7251474f38687a7633444754316d673834687868697a74706d4e4a363333693361576d645a382b7650702f6c454a3344484f57752f4d793850312b5a392f78653359334148746e537a6c6b787a7641642b357a4857333032476e335a356a543238337a7a39345838503835666e58623830354e44464d705a303939787975674f4f75346f6d486a4b38324d3451574765702b35485a6a364a372f666d706641755551714d64395538722b78507873763765594a4677704979683956343962416c58387433644e2b34443737665739374a3550556f2f2b5964456a53497052525057616b53427234584f685a6c6b6f4b56344c683134624843576467735a49325148705658357a344950744378542f6d626f2f666b46315a33702f492f78486c327275553965623433694d47344638366c59362b554169486453317962396d656d54345676474d746e77705934556a6732386f796a453072525838322b794f2f4c73546163474a542b5243617444326141544e673152616e4263554c767678624f4575356f796b794f50717437384f73366636557a4c6644526552684c504c623466655a64465a596a624e6447573356576d57454c72494f663570625a415a3436716a446678707864702f4233486e753170706f72623555787130504e5a38766e6a6f562b59514a43776e5a4a5a2b58763533654c5a5361746364324c657957652b6f707a344663616556594e757071646f386a2f7a6f314f746a4d504e4f4f516673357a7650784f3171394f707a4e635a32645833562f75683434334f69513935794d4c4967554831622b54546a67764f62306c63447439766c6a465048654f6357335876447458484d2b4d712f72753878574e3935522b74734b6c465a316376627636586e6d5031627a6d4f356b3470447064355631663739562f64767363312f347a32712f4f38592b75365838434c4c3762642f752f592f74326150687566307637797158336c59744147534f62666967512f6571383149443371334f696b50654d32654c634d747231692f30796373534e556d756d43634353415838326a31584e736d664d73633678542f3273326b4f5544332b30725a516e674268785972354866384151696c5a526371636864574a534c364630707a4335456b704d2f6c62426c597a776b4471535467494c6d505651415a515279544937777a4e506250624639616e685a6c5a53636f785a43434d6570676a6353306d6b676855463133782b327337534d33686b4f434f46335769334461553574725a564b596f776e6e5734496f72725a68516d557a6572596f43777645634536342b4d477537443268584f644c795935383135555a43674d536e6644325064594967775a4652544764787079504a6f363978506d6c34704141376c4b706a706730594d346b625073544f36326b596177444f4f53526a6c2b6a334b2b487a2b4666383261336a62336d41413776306a493773417935546d6439786441576865726b50786b31484b6968662b6670324850644a4f71326e364e4b6455544a456d4f54306563466a50396e52573678796442585757442b4c496870626c51575938534b65647a6e302f4b78447133465161536d596e34666f636c576f7638757959702f673263554a51413350756357777055366253394e694241512f5a3977667557594e34694e78434b614d5564366b30795977666b68566d627a75755956686e52674c4e6f48434a4d692f73393766744236376274644b506f3664754f7856706375614946364d434b6d695356666162446e63494b666f7747712f357a457a3331506c72433058664b7131757377592f59704c314152426c7177306a635334366a396f7a373247506572316d5265766447634a543138364f5a6743476b6a78656d75514f4775614c563045595a6f2f6359363433627945424d343345383336783662744f335a6a4f7377394b30347936374242486a6e56745a50354e51387075486d30336e7a4d714e7230386a70644f6f594d4d4c4d726342483238482b6455314c79723150474b4b336463586d57774b4950694d305554752b47644e634f726c4f4c2b2f43503330374e5a584e736c73677a3558634f36386d37304b454d584d32645544566f666b325759486d4977353978706d47707835796e395a6c594a6e5438646b2f534d746143465846737a77363364456b662f6566777a444e58487749666f504134635159734b586e526f7172337869487167306b6c727842486632794c37416e6d73417763657878327734732f546956426f462b2f4435476b697134667967456c336353513957436f6b4f33646767517652526867574863782b346e6b3932387875386e36386f30786349322f437675634d4a6d2f7435704771787a31356a4b51444533396461627270474c534b626c4e6574525451374b2b485978556a6777466b48586b596f6a794f5233713763616a6d504e77707149687641446d5446662b686252584271766a715a554d6549773973474f4368373546666e76644959546362757258754d4d2b327a6c4e6c4a64496e7a644b6a4d7158435a655a58655436543533396d6f4a4b2b5476306773716c4547544d64572f6e37565a2b363737793746672f6d4372494d464d3777666a572f476659726e4f516f3543505677587945772f6a332f4c30363335772b78396c686c6e672b6e38555447494b4a575755436356363343523076476c4138585a32316446344a352b4d65386b4e483362637a546e423253746671387a48376e34582b776f79307435796b6e436476754e686c57504e4151396f32394b766a2b5672394c73764d444d45667232432f676d4f742f346a373638673772346b445871307863414f562f557764725a7a48466e695a6c4c5235677463563456345a424c776247746d725a4a72534c6535786e52386657372b66393454665554376a50717473514c6e45333538636c64467737782f4a63796b737130524237644a675747546d4e384a4b6442756359787249462f756c6535705a6d644a524e336a484c6b363269526446562b6873544f6356414a6d6d5874664a63645235624d37516d4c43305672794843623862382b4a643245456e6f52376e54504561305054326e4339355a542f4a4c6563327a425556505058735470737a792b5438453965656c52616f7331613070543752746e34666737784d68324f485738437272334655357a446369794a334a657879496255327a574478374f374a6a4244793749725750477563322b7949746f4a4a5a617434326555764e4846435a5a593456486b507a6d3831723265663654747a6d78304b39646d4a69336134424c366f38394271584c322f687a374943386a6a4c2b39467a69554951736d4d2f557a7235423239592f695a6e6d335350654a78347075643130786450594e4e636a37544847642b36426d757a54774c2b394f37665736765950545a393839344437314c6172356a59456a435863375276364a396469622f696e662f6c66502f6c554458562b3158352f6833774f3237666266763974653262346547372f61334e4257742f3077664c77574a4a347a7971716e5163764c2b52796b413573395737566b614e6e322b6d616253507976503942305851506455386e3557532b737236353246757072586d6e47656f79463166696c513469784d70384c394355786574546e69614659796c4c49494f664c732b652b5a45725a426762573354636f5050424950745538325a5a34766b534a584a70542f3068417a4b36686f52436968597a51306a74324e2b352f4361416a716d673559596148434e594253646f5553444e4550685151566242585747387241516f4d47492f66343374343868665648314a2f6562552b6a3530635962555a39726974427275324b5737766b75785230334c684b685844563450335233764b38665853767337323145663865385a4e6147646d7676573167326b734b686f4e69417a69584b496e3970797445737a5971306350347a7a6e794d2b344642615655354d585a356c345441356b465952434149723341337259384c356f613178564f5236366a73475845475a2f486c6772486a38475156754e52754e7a62506d58414d4d7870664c63324b69344164777279456763396a65346e326d41794d364d53744a5743474b584d704a46616866374b55684243667868704f70424f4371544c652b417447386651374444414f5232775569797a4d6b5a6c656c70512b505935634e2f32644b694964555832445457777a4d716457614542564d6b4d306f685a69584f4a736775376565725733767551696e624132396a7a523639613842703556773441716c7a3343446150704f65654f3134632f6342376638396f4d6a3958657a70797a4451504d696545636d775070666e653973727149616e655451796a326f6966415041757165425a7271414c6a67786a6d393835527a387949774462705930474b7a362f6955477a556b3758706e66306a4354796d755075514c65334c5133524b79554e3859395a554f676773396e6d47513867446b486d446d502b3254487342656b734d7a3063384c56707657614668615a4531767479307a75673135787272756330733435376532617a2b596855364f5266434563614b5a312b41502f392b4f2b454f52566a573054437a3256667142697a63443569706855394b79666c313054335a686a346e43774e6c5364487176793773314e3346704130794c6432773945502f505034695838655033486767617464736255747976676370776874565a78784c786d785369652b33586238324e37636b53776353586a50624c6268726233466d6b46745a3844436b6b616b5153526f724841436779476b444d48483261456a3643386a5a37574553556648623975507048315578542f36497a4d7030624744475a6555336a5a6a57624d656a6a326c6e467a786e4a6e395a5444322b376f396b38655a74317a7879724f525a2f58632f50344154794433794f51384e2f4e3034592b494f50324d78783577327a623876762f41492b6870584961792f70623344594377367a692f512f78347072424e77345a3862664c5a31613477654a614d7a6278504f746b594c4d74524f4e2f416b673361563431575a592f474e6134612b52584f4a7732584b4b647341374d534e464a326b43636f6d72554e504262483955775a6845766435666c756e73552b4f47766f2f436744574a7a39692b325a685948305a6156674a6c2f61676d617a503631522f6d792f6e76326450435171386e386c457935786e7338596b6a665962522f7230754e73554b344938655438414c3662314f547a4e744e6a7a576a67325738755351767a2b63414a2f3376454f743742382f42386237344c614a696d6339617a4f5259636e68756a4c4f356e353076453241764e56435a33764e422f7251586570352b6e2f4f4145773578723048432b393348636363636a484358397275426431415048315469496f4631357a772f77696e4e754a52764e7751307a6a506b3566382f49664b734d532b555157646b71564f4c494448724375395736765653436c6e6267624e5241665a4b62343336677336666941506b67765a4e31506241523370794a7755356c3151705434784e5a4e352f6f31734853694a72316a6d2f4f4152645661716e327633524d355a79633559784942337668346b43623469444e7a6e513847346a33564d37764d6b454e41504937634a4f39714a57536c7950666f64435a486378553732436f6a46414f3868477653443862416759395a466d594f3451752b464f4f777a74374d39486b47664a655957612f46522b706339417a795056516e745978687a6b593866644d70796e7a5568656c764b39785436652b36377a4776643748596d53556d3162726d5676536e6153524262385a72346e44366952384f6a4f2f32465930626f427a794b327a767656582b702f336a5867336e41313576706e726e5253665158703536762f4d643837722b6f584a536b6c4b627a785663392b6c70336a566e654c756549666e2f537572656a586e6f734b6e4b637637796d6e31774f6c5a6e364a7a36794658624a466c726d674f53386c7753756441764d722b636a367a342f726e64524566566d644441784a6758773841664237692b4c6f397738463533727048662b516366485575662f5a3964524c2b6437532f416a624a583337532f6979382f6b69622b634c763974322b327839763377344e332b334c375450432b346f346c2f41497a417a646e786c372b4e7847342f2b7a2b63774379767737763665772b70554c3579746a4d643377717a53716539533055304665425541587570347a5a612f6d73524c7556504538502f383065344d4953366f41687378744b566838346d315a615a614c6f5879325278524b59444d63522f564d5268304157662b577a4f336564747a61375a544b6d49702f566261725150675a693556375a434e7368785356553150446d68753778765357722f435179734b6a567a6b4a43767455636c33543251473564367a5454514d6144594c71304e416a36712f424d703239476c6c4b654f5a6367422f6247336262636539334e374233526b55664868325969756c53526e567a2b4c776648366b4d4c3257764a6d3558412f326f6f4a6854676c37744f696b5053736b4c564251556a5a3555524b52514e3055784e6a5038324835454b745253794c6b684754434d6b5a2b454e55733136426c6b396f704e616c686d66586d4d33767171764a754e52476f45702b4e4652525156516c59457649465258783071324e64356373654f3051684a426539446c48517257714e4b6e3932326f5378494f725030446c68506f3961676f4d737074314179546f6f4863336a633267323371442b7047567a30764f30533461344362673169672f4c4946522b58784f754f6e6f34587a62596f48584f42476d51366571525052446f6761466d4f492f716e3065394159534268536b553679794677526931676f415975586364754f376132565a6b52775930386e31597146493636696f6a31737a7046347075666f544c6968784855786e4d307772316a61773176375a713955384770536734744a61526a5073494267725354546b49635635307165465a49722f6132443947755848633571557833513578336c7355683376476333746f317a332b4c352b5a79495541706c505673446f345851564d474f6f6c79586d4f35436751746764466f3036492b7464504e51626d5539322b74686335444849564f475a7950346e4a475a43305572444448327a7675517a5471454e6c6d6449713434794d69386a4f74664f774e44536544346c66756a6950534c6450594d68706a6767635452646877443865384c36453035703335466e66506f7865565331366d4637774d6b6e6b6775424f445a32573470774862485a6561575a5935306a4e44336f4f387a64613276464d2b68436264746d733467794671533675446c35654b554d4d6d35387a3739365367744a4766737a413050644a5966633577515a693549316770484c4e4d5169653932384b7030656c715a57366f736b4574465a563934484565765563304b6730396f314c555547564e7275305335372b58496477586b38624e706346416668536e436a526e4c6f6d5a4d5961375276716938774a2f5a3661444a6a67384e333133686a464c6c48694a70386667654d65466e766a61414e51683533786569654e63304a677055705072314850692b4f31474b754c4866654a316b3762714c686e33616f7453516e566e724f37386b612f5a77686c767a3878532f4c6d456f35536865433444496a4f48387766756c4676386e6a7544375869455939557350357a6b69516e552f483633486264324257444a46786a63634562595864712b50446544515473796a35436e57386d4e4b376973477538453770692b502f4173453836765a424133644b2b4e2b376d7a616641516d584a795a6c5548736457366441377a4f76562b346837795449776c303835774f702f684558597142796c2f4d306530727561736e36567a42353878476e4b64767945667a5556326c4f466f6e7566495459786e59393476434b786e654a492b4564396e7032724165597a332f6f3666687a74497161784d2b73473758336b4d64646a6f59496171313845477a2f4534546f4d347a715338325a7a4f56467032435561774d6c34626d4b6c4248494c455964646751326d346d55657868426b4e323857546c457a6b4f353347784f45654963795548324e3245652f6237347250676d654b4d6e5334724d697879487371374e4a5a4f7a4d58316634776b7866664948777a79687431646e4f2f6355343944387836424b36346e414234332f4d5a366a724974326b324361554e413938723255686d6e416647456d64376c4e55427972477149734735616c494d662f666579336c643132747758756e53646c785972684a7a4f6e646630365664634d6459346c4e6c4c5958564c452f55754d2f6f594d2f2f6e73342f355737797a524e39576a6e72366274387233414a41373948654d386c6b37692b49584443616834726572696958312f4a31764b56787231437a722b437035536e47746235685947546c35732b612b5254702f50417566426579327959514755782f634b3436735437617332366e38393467356d486171434d2f4e774a726e44727241666b63345044306f7535445a38474c4662426138434b33317176545a30417165656b66452f643169453848352f507a4b6645615969444a4f6d573845696677585a75536b4d314e2b7972666551362f366f323037483538372b7972656a5648783248637378635875382f7063336e5a49336a66504c316e73383439612b5935375076767474332b32352f546674326150687558323676434c4d2b382f7937746d5479663657505a382f4e7774367a666e356c7a49704757336d4e31764e564878596e49554d6244586e7a6d414d54596d4e454d34566d4d725373307a795a2b624a524f664e736a53754735786b6a5441462f734148474846335a5068713047685658647436486c514332476e416244426a724e66696332796b69643859427a676c4131624a4f6a326c6e594c61494c4a7556657572516f47736e2f71377772443472705a655056356b355850672b4337764b65464d70764e75657343512b564a70615457464a343149706744513949417834613765595979696b2b6c6a4f7749434d434e4a3277464d55373231337778576f414238564c7a52776c4b67664553707a48574b55554b714b6d5563596b6f3434493634635936614473354b35464b3949413067506f7a476a516e357350774245704641496a4655656f7547323357536377686b7136513730564c7866374f4c476243744648523039714354686d5267464d5168454245664e6f2f41394f726c50536b7a576d7932682f3949754566334f50533163616562706e4f2b696e433852734e4e656d476535647a476959465251316674464b5a675358614f7471365149547333786c42485968302f56444c75354d6f714b4a6b596a6a586a687a674b7a306d645765524330476e464b78576e693271544956487279544f6e6854686950657349556e68532f4b7772307749474c37666a6f37364a516a70545a71436a707a625973432f4c6550374a3262713750716d62745138344c39346e473954325572656739736d3134566735476e365a71562f6130427730435850473852535357707a6876595851624d34696f417555525757334b346365476665657a586d4a67773631646e56367750497a434f5254786a3136773054316878422f6877636a4a536d66726339707477342f32427143636f745277534f556b7357644957513071467575636466536b47397a726a714a316532623957664d76382b2b58794f42783735577468566973526e614871787674474c6c6463436a54336a4f63685a56445776494b504e647978703047574b36502f562f624e65394173345a6275384c4d732b484d575669474f302f7555503573715751754a5468516b646d6c7a4b372b7141446d6e615552334c5750546569393738573158564e4a4e69696b72636f536364796a643778744e384447314f576b4e322f6257304a616e5275704f445851776652737043473247417933646b566c2b616e317662556632474a546d4b6f3743444b755557614152676167556e4d6e6a436263386e3145386c526557756152686f426c396879686f693279714a52446b4e38396a3336417161575a6c594139645a504d526d615a6c596c33513038496b71355a4b745035446f4a47614875676e503275375a713837527831716e69337866356e7678694e457832562b746f642f6936652f57444b796a4247596f2f336166456f6a6d477a6f5466666e336e6755414b366f38326a7a7645707334652f785661514e746e6a57744d736e38773061425831534e7064786e712f5862593252755150786d52645178694f534b75667a5a3134754c63747932616b45315a474362735454426e4d6141427353625375375172794c54792f3542506e2b74557a444759346e58677734316e79396b6a4d63366a702f54663377333931394a5669664f5254374f6c6e3267734e4d664f2b6355306a704d6e476e6e4868354469476f732b4b6d37712b6a495955586d48444f6a7235394b2b4e7544764b51443264474666506e4745682b4464384f68703473506875376b76336658624330645454697356306e69467572755255645649647a767a704e4344486f6c50377a50746e6c68553466587072743353735565666331567156583245326e686b754f763857744e4c4c41596b4279657730786d652f38777778653566754f586e636b682b646c75575a4d333232676b586f7a4444506e5534586c4f666d6478387157306f666b4c58784c6c4c366f4876462b336b4c772f736352547a546d336b76594171446b70743072785433394363686179676a4f43696e6a466b714842376e4f354730635a786e6c52624a556f5657654834455853306363567a735863734f414875377850704b586c7a52764f72666b68765362447774397545783864396433745839563768522f31457762416e484177632b6a75447a694a665a732f38376c7979696f30733948577458476b352b4e5075714e744d7733642b366834736e6d5065474a586b3466323061454c53334c586b6845336b347a3538385038396461667a4155547968312f6b752f7a36547675475a7a4962776953375059424a45552f6f6f6e6f2b434865663076422f3950576d366f664154376b512f773254594b35613043526c4c4862382f5777663362656176395031584d466d745963536a31385a576f4a7a546765647a474f6a6f59737a5a6159453068447075446543612b3961574f496771473866736334447644586c477a52624b50736c6244786e76444d6d503044474a6e7738306431726a6968385a594750794f7a44526f544e66385865313156372b31583350762f2b52396c6d6d5a6430487a666a335637665658713377346c55506e2f582f7232682f35563538742b2f323356363362346547377a6130563566385830475150324f5766725678746c2b393169714e354f764c5a766a7547624d6b333166367643594331766d647a62774f4e36624c6d48412f705138386a6432587a48584e3558555742444b55774671776d5a386244645563593154717a414c55616e77614e706b47652b58745445476574582b504a7a4430534b34394266525a7756667a643857374a734c55694730586d7266682b336835696968366a6139614b6245695a5564426b31483037484d574c706f4930726674476f4a5850786c394332346c4647716462543554632b39676c67706c3567636c577967564d72303753676e4b5861574332614d576a3351533043674e506e737755684f5669704f715249763562646243554572466c732f736b63626b51345362326c5075417730505051392f434f2f6d536a7a753168774e79334f3374513158753053742b34436d6c574136476c753743382b68534d744d4651456a4f686d4d53763853744769455671553570303163475951736f794b7255766856785061597551586f5567636561634432733553417931534271734178626a7847504b2f6f474575443161506663787a4f6862567a75616661687876414b7555775334686f74676f616a4c676e377268526b5a33454451716d61754478644c63506f54705057734467694850673052414c34646a4b5755676a6844546169646b70557345556b50734948414c3848445061397948723339714774366831662b2b507774766f5a734d574758774b5a356d2b486742753278584d6b4f4147786a4a694d494e437338304e57414976785a5557786c7458506e6747416e574f553772492f556a386a355877544f65656348305a31585a452b75474b5574662b395834623071374c76375043744f576342464f44706e6f302b52334161505279526667574373395255546f724f756f38397077466e326530755a6b6279736461766a586e775a6955644b5969534f6b674e7869465930384f48466c2b497458326b6a6c45373952526763567a4870482b5552346e315a686d596b6774787a7148765475467647317671637a2b722b33334b706e526a32473845362f69544d42454e34364d7771627a5534506577324f6663372f6b4e3241566266706a6538764948653444674c69504a4855394664325264706f776534525452574d36355a4f797a4a3036507671485a77634368766e7772754d644e637a6679754746306678624f4c456b506e5453654b6364666959714b7765563976662b7745662f4f4d466f78614d6133486a38322f59624f6e706d4a6e6e674b4f4d6b7968456b6a5874572f444c356f484c514f764a6552744336636f6f4b2f6d4179536a687655727a4d6f7a2b795242554e4138547868697168784136362f4537446a5a6357474930524d3934523135535037644e7a386b664e48784d667059626363455370644e2f6b687879486c5a38446e4d396e535232753056445a645a77753377636e4e38557278342b36414a5266554a354b6163754b6a696b50583178687259766c667936324a372f6c7a67567469455450666b3255334769522f5751716636623844537a34444a362f523259344d576a3964656568486d6c3864466d492b36444f596f507a67764469712f306c7a7a326d6537654248696a6654614e755a6d686752677a6a452b733279306f7151383737797a334f69487762353675776d773279796e745444754b356e656379303252594f654f65346253537030626e58432f744e50494357786a59586b6e5979516462484c613447395252666b58487a76334576784f65387a5042754147576d766d4166382f7a355832466e437470342b696376384b4131576673493838787a36324e5a3347393046725468737243704a6c513572455376744f6342766f674e4945744d3833307735304e784b47662f51785272474b5579484e45766c744b4c69524d35646c72753653626b4d3662347851766251504d35333447764b594265416f754f4e304e536a665a6e35453362656d5147682b446647764251765974354e57566e6b4c5062785063366167795a617433796a6c534d7976554f76494d6f687761365667476b6157595a634458664d597a36682b414b61754345625a7852444d3752736367694941795a34757a56436e6d56775a5269306b34666d366c2b7a496b483041356f4d376f324372437669583959642b336473554452355a736f7779526d535a67777a345448717137594a7631504576614a4f74787444444d5a2f495a4c5676524873575851656579614f56516871514648526a6b79507a58706d78316f4d50473275433970726a655a70306f38656f3050347847793164794e33474e6479323462307535346778664178335357663772576734385351766d6244746a644c2b4f77786e7a7a7076586f4c7a55794e7659634566774f7a703872724a337257444273664c4d324567665237694e636b625247373044366a73366c43726674384942585a2f65713041462b707868746c3650726f465a536a73367474413163712f72444d7064677449317370554d555879673075656c4c4944436e46633665744b6a326446376a534f2f337637732b3738366c7537665a2f4e5a77653558782f7573616461557a326a435a33502f4d2f503454327736377a2b7a44334f662f3150683864322b32372b7966547330664c646661703964704345472f5576476f61667336756c587257466d776f764a62354a6434656b3837507a5a50443947445467447469363755414c686d6b476235387033356769654f624c31504f663637326f394b70672b597861703248694963612b6a49742f79325a634d3538797341776a4679506d3738652b565a326944317651796a4237342f6c2b4e34683255753845637533496a44442f6d74525a5a4b7a6d4632436c64344f64744643596174736c6f366b61487131303864665569586641494a4d654465372b44556542637734774c31336231364650304e4b696b707a4d4f374862426462756d515555466855457862714d425759587a7756676768676f416777412f43785865462f655751746b577a68335448687371476e414239785459517743444665374f53677243396434666d5132416f6e354650724e457779503730356e447870585447464f5279306759613054396169384a5478586d4b6469704d307269684d3334333347784b492f524832364965454b767974476a537751786f7968626e706c5149513372354c79592b6351776c6164413166507359536a306665776e67384c636d6b5839626a7a515132476b5a54554b3730656e4c683033532b366735523455666f333470353956626549794c766d5a515837577770437a3235364f4735627665312f444f6f334730364a7a4c5958355555454971366a796a2f3452716477682b4f463465346d7854314636426c466141444161477a62554f6666734863524670747539326a586836444466633030645057716f49744f33796c484e762f31476f324c5a7a30746d385967496f68594f536f68352f54782b3472322f67786b58396c5247645868356770615276497133716c4458655643524e68737665712f7a3530706c563335706467773962344f7a6c376d6a7a363135626572715a61544e4431516b4a4f2f417243634e69646133636c4b59323678555971515a5174467937342f4d6e45476176314b6b722f6f473861667459586a3074573359634e75756f4d45756f354c4d3463593070387a415957595a75647a426a42634c5a61505a79636a595547554533767337377365393844624f4e45756e50464d2b5561476c536b49764b334e345670503434666e53327539386e347130564737484f586a6745553651666d61707848556e6b414d2f6a2f635466476b496d766443572b4646475a4f334b634d4541447a67546b2f336669636a6c47656e6f787a35744e7a54696b63697a7679662f66396b333564323862584c33566c5a502f7a73375731505a7766465555507865437874524a72505568504b547957504948667833725a30584f464d5a324f564b7a46726649556e79385a30484f48556354364453732b4a5438612b65686e6c4e765053483172436f2f6565394464707139434250576a724138774d6c494f43744936344e5a2f4451556d4e4c73364a7663374a784575516831305a6e3955347964754f6446367a442b587a7554646a5034435531416e38662f514847747934384836385932374e574a596c6e46496a417470734c47457952795053364d6a3336505247656e36785332615163747a786d6537427178346f796776555743655a496d6a34705630474277764679356f6a5a59575a4e323951476c544f446248687772504e7257422b4e766a6f33614c6e6c4934432f4836576c2b5a353639787338663277567a4c574d336c53357a7632505a34743757506d70367330304e70594271374e4c374e386f71503476426c763136322b652f5738386e782b66697454482b2f3130566c705730547873782f46682b4c62797568386e6b6335563851334e4b536a2b4b725647746a6e566c695965442f763843796a3837314170426651472f6b4d474e4b5a67663374526f656d79556e4a78426d6150374b764d777a5943504e62304e666b32636c337933545434582b35367071487273452f303358576a363764556c37312b5443766d716e426c76306251427174754b4f2f6a3650496279624f36654a41754c557479756f566864417a523463464339364d504e4742425330777a39363068354d79372b634b39694276697a5334446a4d6c6a7965774863347561625a31702f6c476d51466f714978524730596e41387a37495076467a424150504f51654f61536b464a3872783155362b71597a713578464c37666e64785944494877656c526c4c66774365612b4b4c6e6537654164646530614b6b442f35555a5667373879523676786a6f50494c38624d577a5a346b4567534f53567a334b735a6947587976387948466b6a4a5146702b777853537474766470584d4c447052382b564256374d4d726669494c764f4865716637344f654d65567050484f634258315a37796e486d4f395868774641576231674f44714536766a457348546f575153645a4c616254324449755a302f502b7543446338447a67682f4a5959714d354d65594a715072764d30563850616f564c3338636d61414e3444786564653279564c31616e636c4f395979456f6e584f4461786e486d374d457a6a555077747a4d36724f61393470336e7658394a452f35674b393767613361523166304731463672377662562b33396e577a6d517a584d43316e4c742f4e786e632f3933724f382f716330326d4f2f323362366274322b4868752f326c7a5a68482f2f6775364e6764324a6770752b2f314f385442586f4b5a41756d383854497a2b39617a5579464b6772734d394e74574e5339585054703054436a6b4b526a724f59334b7a6f5a4b624d6151394d69506f4e6a6736656f6e513231755734526f4b6d51584c575a63655161566b7a6b71455262774762597236724474784c6b582b4666523438307a35567150644d7271784a2b415438676a4163734b7943347269796f4f676655496c794155614f5a4b6956566b474355365950474f6b3354625567464b564470786d6c346f56474d556653585345745049534b393232305568486b4f474246435253534e554d4e654347775531382b4f51774b5a55487863375a49652b307a4e545a677a6b72554467384a50494a7677567158684c476a534f4d6f49536e71517a7a576461577a6d47534a65716641363443754665565036354d6f686e6b466d597a67704f614b335156414d5a55755738426a4f476c4c426147465975375239554269796632307137477a577371794177644a517568467a5139476e436b667541774a624337384c2f416166467731706e747131356e4936347a594a63364b63495377364f686956506a2b72455753706f6a44676168653862572f59576b51326f64494638392f64647679322f63436c58614c556730634f2f72373937696c5272555671544d75394b434f6d4b7a53594872474d565458335a70476d507754347a527132464f596c5458764d6a796e6e303841674e4f517535566e53367a30556a706432435758684153304c63364363412b3568744649593042474378696c6d326b6a6a382b476c4d7168554a4b5a71396751614f716e592f4c473952586d4a6c67705a4b6b5a623837507730542f79744736686847317956377931742b6b73456b384d7348495336424a785435784f484c504b5a6b476338326a6b43376149534e5a7a4c43695637574958584e73316e646f383872386351424c764f6b7475744978325334656733676663442f54455a6e73364f756a354147492f75532f68684d43567a4646477841665363753550726366332b5732375a5a6d4c777545444e4b347237384866745a2b434a564b5a44537463654d596e51667039524f6b44506e4f4a556969717446656e464f316e586a4e4c4c7a33677a6835304a6c506370734f474f707759374a5479334e66617364736c7979395a524737656d576f63794854386a41716a7534773636616f536639346a6e6c755743414973485162554d4578554f4f4938653354304f4e2f56765174443450635752754c4b55714d4f445876624d314f4d5763734d555a6641383879734549364f674273336d476e437833536c7465352f3373657867477537346931536d6e7639642f49674e52666e72577064616a6a334a59595364314a69353772354d796a506b6653346d61647435316b3749757155384b517a413248474d35766a434833782b566b615044584639587a763670356f716d63416d615745363964395a48616457636252353954497a382b563333334774772f3978506f393277627976727633653059663635366f67394251786b6c34416c6846686e72706a3076654d51636565562b724579353537614c4656623449734643416c2f4c36784e4e672f46734e7366704d796a666d3257726f7444526e376747714a46524479395465514a55646d7665445936684357542b443844524a783035383158623666465a7944335451494f58537a7665596c6a7163635379644a304a65477a4a4779466e3654503539316b6265504e596973734477727136587345726570507037426e4f39382f567055676a69716234373379556e475145745a556a794857586f4c703554353874335364665a4a35336963342b477052636449782f4f475772324f6c3366366e777258302f652f53514854486a4a632f426a6535757975486e57464d58583745506d3758306f33364472516c3569746359792f4b554d5a65507a4e765752664c4159474458417050616d4458642f4f5164565533696f4d3259483551714c4142614c7532505773796a65564141486f2b58644d6641696a6c6a546647417058317a61785231465466557a4265323962656b6b507a7478634136756d2f68494851437a436e3649444669793156673270336273664c355642315362777a7641533969422b3236317036706e497432716244366f736d6c6479724f41326246717675365534513863716f38593445516b435566586b46764c46616a32562f666648625a39377071526357354b493166662b64416362777a61574e305053537679544a4f5861416b666e5158314d79646e6e644d653174343458674436776f41336b394764372b562b502b4576466438513831545a4d6136696f723571524a38434759623778534d5854732f4e62585850364c31456d65636a355066562b384f392b364a6657446c6144526b43547a78482f486478742b727a712f73756552455554567650643351674b42356d706b57763277706668726b6d484676694b4e2b622b356e5873476f7a5064462f4f5250436431377a367a627955726b6e635930776d4648767067326c347a70436e37696139337775636e30542f2f4648326d65386b7661762b2f335666676663536e33696573392f5a5537366e4f71792f30696235374f614f397572736236364431396433392f642f756f35726466356466765866794b4d767474332b31653162346547372f5a702b37584c6f7937632b67756e33372f7939374f78423648395335663275612b5a4b61506972692b652b307a427073796135642f6a6d495979526a396a5070734945554f4b577845344b57537255442b6e416d533037597152786f4a42587a4f415345455a436f74674a464e6b6e6f536431626f34392f4e3632326b766d594b5a4c525774526b505251726d4d535445446b30694a6154345735522b73717455503054332b3048494e68716f425054507a2b6c7a384d65434e477730664a344834475a3552334e472f45342f69572b49423533547646576e4c4b486a326449306f4a6a7170554b6c336131666363552b6a4841566a5659444f51674b56756d5a6a696b762f7267546e77756d716e3769334452647a513073554d526a575868476d657a723347474670746159567a68462f646f6c6b53516541586b59795659776d724d306a55325938477663444f5363454448636163714c32656a646b744772744a355775346c326477706f7159556f707051706e33357457696e6b62357a5162385131686945636f73754e66476e69352b6849345262417a4661676e6f54726f462f2b387453756f4c4f524b6c33512f6c494733646f30492f3535474a7a6f4d4d5050496268742b62442f4365634f665a54514c6a6665453761336449735639532b56664138747a524731354a73464e59312f4862627468747a324d386c4647425065495a4975303733303054682f39664d34647a67322f625438694174596a47644e774a74432b626c37656753564f6c4f3571684848696d653234525a313477757474752b4857726c6b374e673372715677363675794a496535414f51345246322f74687330327650635069587a79752b4e384e78614b584e6f562f342f392f38436f624d31312b746e667a513331487a52536f57474c534845313142383430744e6361656b524f4a455a4a4a544f437435374b76564c4f6d4e775835774758474141506f364b7874623758576d324767342f4d6c56366e635672753642424443384454583941715242703078683537625273437a72356b4767307769454e75595a684c64723274754e4865347661394a4e544579796347647a6869545450596359376f353439585975474c416e423957554b34496e4b7a6b59502f64663337386a334c633673372f33446c66674133746f4e485764484363306f592f427a52447a796c4d4e4e614c5648346d653961497847546a556b6b47654361617259794d7744563552792f6f41375966792b2f2b376e342f6a4939346c446a6d4e31562b536342636563316833345a2f2b5a526a4f6e3677426d497763563448626d6c78586564437869397162332f70353133786e4e6c2b3842754c566252486e752b4f6766345844777744334f2b78466c65786a4a447242454237494d77444f656e48686a7346677234647a4b53514f65726149636563565253544a59635538726b7231537565634e47677279544d5573394a6a5a6476776356636d484e48776e4831526e57326b4a385a5a334d494b6d656a59445a45723445787a6b724443536b7669736d582f6d526a79624658737257555048576a6e53364c7430464e555453787a626d706565364c456569336d7a4246796d54636459766777472f4e662b58376a4758562b702b526e354862674564354c5a497850556b4a55416f2b4f554b7235373042784e7154366e3071614d51337a4c76314833587a71784a6e2b4f696e434634707279653233414232596c49643161795538756d3557386f4a4861772f6b542f6736413844686e486f6d4f6f644476466b617a6b3979595131522f6841577a386151546e765276452f5063703757717a4b5a47666f5837494c6335677a374f4357646a6a427135794e4e704a4f637a57714d4f4d6a712f65653531397459796d5a354877376d555830627947775a344455353063476331384b366a736356374c786f7553386d2b424f654f68523541385a32777070796c4a544547484f4a7a4d70626552774469446f32397362717436373863663646624956323275716c54497254782f386c4a4462787930585050704547484c504a786461637148654337514751525143396e2b35774a797367313059533962536c33456a4c4d4673504d434d506542797a5545614f424a58637335736b7359564557494c4b4e4158554830434766754d5839356a315033436565456965346438722f71524d5978365a7351526b78495747314f774c346c4933596a7a74566c564e415130565847777a71424d7a39364d477a6b702b486a526c4d57464a6f774266753358426e6c504e47547a776f664a744c4158494f41424a3258583555377548365753714a7a624d75465461786b543839385676367479486f4577326c7a7376724f654637365479687753666f525276454959634f4f69592f657164777675543342495748383971434873305a6a516a58684b2b63475a323338725139317374394a59364f546946314c3578305a6a6d6e6c6f347850447661386c35504f6c543057486d394456765259547666555172373166355266706d324859613631353764457a6d726d5075473851376c4f6c536d556b4f7a666a6158585a72336744426a46694d62344831654b2f46702f67794476756d30374467622b3641544a4a786d6e6e4c6569394d63374b787a56726a6f7638374c316276736377764869714c6270446c746748334f77516772796467512f565441795a5346535443736e4842476556315850702f72755a2b356b534b757631323333454e62372f477a642f4a6477776d66506e7676302f6d457a6d715647666550744479445433483531774a5356323355342f3537323166672f4565652f5350507a2b2f2b753244305a2b6239336237624832336644673366375339745a385a5166304252754a6a415479353237572b6c41506a71724a594b4673784b6f784b347a7437753157616c6a725a534e765454374435645a79722f786e45484a5955776855394c492f537a674c2b616736597234392f364a443375575865617768624c644b544f44704f5359574b344c38304e5446766263476a71796d52533236437371463439716f7a31457838536a546a445a57364d614f653855364859792b426b73715a56577a487a6850686e6a557730456b622b4a685732424a367559565153724433794f512b2b633053715a6a4f5461453061366b524a6246586e4f674364666448513677616e556862736a59625a6570623931526b757764656e47556f53396d396a396f45394842566f584f6d5a4270336c426b7267625a4b532b4f67567364734a34476c65684f646d6579714a74573473414c516d30534b5946424e70644371364e4a38745273796c51476774556f7a4c7330596f7a4b6f55717769572f4e794e4830656b2b397a4432574d577649674c6969387a586541354d5667597a342f63767763657731373258676f6d6a623730506271494d71766e337578524b7153654c53482b5753334a4570686137456b704b557a6f6145665061506c4c6a503849756b4f44327a465278673558316834344d694f41523233663076486b513479375648442b32483445336a743833767337656b634b7836356f374d5063754e66443271794d726b42502b4272436d554c536a54397768445043522b4b426c6f78497859314548524e6d7a4b7a686b65553949764166674847664836667a6f4468797168317056566534796f44303743395633594c6e7046302f746a6473747545666a332f69342f6877525548534d3474495257545537535569796f3649334e346d5772544b37724f334c5a526d78425a47454931336a427152464e64494d2b2f39586b5949323346745630444f4f49436f72537a703151753563793430324a70355244717a41615452646141584e52662b765965423651366576796f50704d727657526d6d64794c766a5761474f55754c4b3657633572386648384e5a564d58766242544d38554a6874466e446a2f5a57436e4d3856317a5633626d2b6d36365267594b3157586c727567505368694d6367456248722b4a625348396f4b47424a676f35775a6f6c6f386e755563464848464f494b44656330566e45664c7532436e34655851376c48656d544f6e51354b6a4f4a38443265487649633730696d76443548664c57464e42385033635068524f46505a7a71693964435a4944534a79332b6d63522b4d4c6159595a686977596e462b58765853486e7a32796f335263777148524d374c34657a773756514b7168394b383573733161616d723866345a4d3875777041373353534d524f3341796d4265334a79636e7a6e6e483642796b4f4b4b5a6b4c786b69766d6539675064656a722f55576e2f774f466c55454461742b63596863382b48324b61772f6b2b7047452f543661794d31417057767455764e424b64696d445a663266654132555574374d4d317478376758376d6b2b446f62554e6b505877667648734c65344d3958486363392f4c32463252776741476f3877655268557a34483438736a794e386e5463702b494866592b75327931724b6a2f5357617144386b4b586e385172387041696835476d4d4375517a3675795357535773647a723449506e4e4e457a7254496b44613553597534384f764d7a513331326a4934714d352b59657a76685351644f6165437a6a33342b572f4d656e2b66764d71446546385337704d38474d424e5137566652713265306e5935486844346459316d657736786773566e6d2f42724f314c4e356333313178716337584835654e58337532563145655043655439775434796e786b756e4669574d735856546e4a564c6652355972776756775a77566d2f6d46665178512f4b4239566870475a2f6843437567776154666a5a6976386e626532434338534235433273427738666d6145514d76334135395a65465136507752716b75546b2f386862543371767a316436323541733130356d76315848346b36334f7336653646355a49514d676e504b4e624f452f7662522f344d74356a76702b31696d626c634b2f7a4a702b594475465a41714457774d41426e385a6f514b337865736862794c364c2f79524e4b31716f6643794e6f74795a6f34765467316e684238684c394946505a6e593037724f65652b34342b5634367476453538746a6b573169434b732f516b4b722b374a43525a39686d584a584d4c684d6671746b4e654b65717a466b30757034687a4130754177383866613873672b4f387969693277746e345944684466475975465a58335065636f324655535449314432474a3454763874577237486e61346c526d6f756f39772b3038773879364c4c534e71656a6b414932635a356a4e7432792b784d4e4244724c5448516179755a517475414277766431514272756563443463487964592f752f4271526747654264302b756d57634b676539573432615a505945746e5250474d6f477a733373357837676573576466493432744c5a6a787776455a70382f30622b71306e4a2b71306b36725672743735735735766e70693862366473796173736761504f4b526a6a2f634b5033735763612f336f2f61626e7738385641334975307a5069633542472b384238757a6e73667963582b32434c527a7152336e4d6f4c762b724d303869654b78306a446c673137423446656139765671727a3662383676327746702f39336533576365326174797a663164623064686e66362f652f534d34384e322b32336637764830374e48793376365731594a784f463443644653436e64314f59477474584c775a6c7546364e31542f356e6d4f6d5a2f774c35704d4b2f462b5a4a7856515641783835704177764363584a526e306931314663446c374a4f2b4e366368643258697863674141536d6d6f4b5674547749414c384371494b644f726a52474b6830434677697641714d6c4c706d6f33574b624564512f35556b374f61316a397a722f7a57537447676e3163624165794e6d536f5979616c6b51713431542f466f6e494130583157654d2f5a4841436b676d4f5933324c2b6d7636506252626979496f667659797062736968676847704c4b455234783543497547516b59566d75632b31687856396678496b704b7947376b7a75304b41596b66725a5964683068776d50776a6344726e6231756378487855527754386a4c506f51775043693655474d7a3354636f50434d6363674c58386c303564357043586f554a33545043534b4f41474a587052733553484b6c7a7736676551437144365879793278345278474e6b5964596d6a6e6b71546d74664c4c4e78783269557648633333444636676b71737a547931757162376e4232484c48414b566c483451412f4451553577674a505341744a764e7a4236656e696d43755259657a696830466a7378727747565a6d704f77506e78387749565059775453673939716c345a6d54536a2b3074332f74352f457842754155653066436a59786b38417635716e73306b425746444f6875634931597163696d4e506643734a476e71734e467862716168575571693339467834474958765064375a674f426e41614f7752317768593338506a6d75745943464b6d7170345068676e644c4f394f732b79725664334441616a6a49662f5235703763657a523257694f6b5735516c6e787465645a6d3556694639736a323044684d504751373279795635347176794a4e714854655770334e54597a513344394e533679306e5056394f7a53445341733865424f447261546e6638476656506b4875554e425a5573623774667850492b4b6b49346a7936626f6e4172587a7955324270706c6f5332434f79746d464b4635394e6a626467733861456b66714b783535746a414d5651702b62626438507632577936314a623270694b574b6e6b64472f57562f506e43655931304865596e6264735850343265575046456c72644f3443393632573949547a795a54526f7150666b2f6a2f5562366e336765395870787830646b614544516b4734397969793865556b6f63573778652b35492b6e732f3769666a534f49456e544e73456347456f706c312f715873434c59736a55493464665338493668675a77596139764852373767666c59324334366d536d413452334876534f54653875414867306e59786647786849484d3470464e6c474a755955534c334a66434f764976657379502f326b364f4148796d6a4552464e7775584c657554382b354c7645466c376d4b324838503637414c41624e526574584b34644d4f4a3833325855425166366267303833753548724d6f6559424d6d51737878472f57634775334c49756733454d5a2b3257764d427051534f7350394854384d5364756a6a6c57355a7259353041766f6e33304f67753830306b6a353355527433666238462f373732686d6d53306e7237344a6a6771662b6179777a34655552714a7933737964703370332b44306d766f6c332f7834344f2f427a77664d364d6772646e4d6963507a746c6b374e787673733247556e306a7464336e7232764a53564f38386d37336473655a35315132344c6e342f36796a7a723366596e334b734d552f4278506c47615274364568622b624e58736c6d75753768666e2f793347726438374f723830556e51454f727a444e50344b35764f6c66514d714e517955542b4c576c634f5a3058443946373863384444376b77337379793479796a2b2f3558396a4b396f2b59317a4c67355a373869447366425277556b7144476d6e666441614c425a6d37347178783365352b54444b5577334f6d32696e3253617568756e4964586f4a7a77792b782f777867516a75422f477a43535732597436556d4f415235783771446a4663305335754a6c46706a54656b52504d7257694d676f365a476137746d67375064454143516959305245616267424d7a445843677049464331385049584e6b4a454479555959764d6e4f6d73676a4a41557a5a696530573745676343337a6134637736644d6b41615a746f5844596f393935375058614b386e556256556d36756532644e693835334a7558524d634d5638593652324d78637462707a3634387151356b664a64363235467347587470715044356e634d6664644a696164416675624b504f4e62334f6c54726443517759674d4e394a763061384d7a494b31727962577a70696b5963436a784a78347434507a4e7a7976323367743061547a434d755772732b38544879626d744d52426e305057534c412b57332b61413468517a34494c794c36587a306e46724e63566a3948796a39746b646b792f436e7866647764444c4755396e586b592f317a746a437879725a39663862743331546a65494f317a2f61707a6c5a3748663342633658447a6a5031376432324f2f566e65557441624c624d47362f7451463932636a35777644752b6c5561764f4f6e4a3069457a376776586f45626f757350657a2f382b43346b5a66782f31622f64582f35586f3776305a6c797853642f7063316a7a4e2b393676504d4a663337326f706e577a554e366e765676674c4a763250314d2b2f364662373375333233372f61766164384f44662b4c32316355434b76506e6e332b716c4634354f393641587a746f6c3966484c2f79376a506837646d616e6a34667a4342546b623161756a4a587a3862563863314b5358574a394e2b574375647a3339585865623537704d664c614345377677754d796b785965655733694768637a742f4b594b39524b507875626f6577644a6e6d6242444d7647315257394b465055526b79534b6c7444447a686a502b6b6446575137424370364d3839356c4f556a326b4e56706743304e433642685361466142686f4a374d765968663658425132475430566a6a706f794b6d7669735530477a6e59796648656431633632446b622b376b486f66444e4131356967775757626d534b796b6b6d5841482f356e464f3642636d43685530515a3950334a417a325a2f42614361385a34696a4d424661685665396269544a517971586371555554594679467446794e357a623855684647514964503144774966393076677844563650576f336b674d596a4d7862524e315179554c386f764e415236584f76746f6c36713157716d797a4d417870314637416e3775696b51654b4f7871313770484d57384b53654148556d57325279534356582f33497665576571564b46696a697a556978514f615830683546786232474d715849587246334e6242582b36615874754e67462f7a782b4a6c377345565838495248594f595456755866484b7a2f506e6c6162546c684d4c52736e7852414b546f2f6f6457634956356f776730426c6833696b6b38436c375a6d326e5a6b447142415a6e462b4d436859583244317268436a44434147704d657531644a454f51727166684f6b3961743537446447712f63312b7235486558744e6c4f39304b6777695935514a35627a587a636a4e6d466f617149355667475a48597774457344584b6c6c48672f33744f5a68455939526b7277764633624a544a4d614f61596e6e756c6c47785759727379656c4b45575a565075625672476e6a4c415165446b5a4f7067652b786c3258677152494151455568453938657659796852594d3845776556334d546a6f67302b76334f304b664a4f555478672f387a6163424b4d423055566a536446313068505a7157646a6a502f62636137667551574f5038377a774f515a375a536c30734b574f6d54653841534b5232656159564f557930696e4a6a706f4449486a6372735152455574495552354d6b6a556e7476774d55756159786b356955364847786f2b48332f33624d62344d6973554d787563542f7544723957654d3149536336506164767675412f4f4d6d2f74466f704f4c2f7441787832486f3263676f41505a72477831504b3930342b543136504369536b666574772f4a647243314c52582f6356746b78714e446a434638397449716f76326a33354f324b6b3153706436315852322f36574453535463746a53473876395352673377696133334456466d4935424f383378345a7635427239665556336a394c4a36727a785551624849383877306a793049596865354c42384e7632757a734f684e4e4a30654b7a455a316a7a762f4f2f5072417530764b386f524855764f7a346e754c6946496133522b5445356337317a6a4e2b396e66777a484148536270674d77703033466239356338427857356276775048734536394237507332656a67596e3869744a7170684a2b706768753176426a2b78463378636451397833796e736e66326a694f33705875354e4a7a624b35503666593848787147376b6642746568317757354f4b6231717a37346e50744349655774765942726b5a2b325650456a6536576f584e4e73774f6a4261306c313164764131745449456f655136796c446a2f4e644371384a48487948766c70687334556743674f56476e70355a46442b742f656b6e656a623039334c4172544f387772635a6873707638513756353534316e6766412b594b3937636b375534355332564d64427a364f443251656f5a376d6335694d486a64594f4530715455484a576246754c3831306e4c5078544162544759342b502f4c35352b68794f6977436663675777587675325435794c56792f4f716a71485a643352754b715038554d514c417735414f59737871516a314a36784875527a766e6a656973544173656e73775964754f69556a3868753043336b38346e656378784173326135624f645a4a713434344936666d2b684767484c5731632b635233796b63774a6962567958383036586b4950477a4332354469437a45756f4a5333375a366731445a4c72736455346f45796f50796b354d354e3245745479335235615253397642556866714f4a6a6e6363426c684b366b547650564c76572b367070516a6f6a626c44474a4d426a7658546e4652685a6c706d6b2b386843634d6538783462656757637162707a79316349796f4e63787a474f484938625a572b68737a6a507544346b383542394a32782b48696d5167336a7269467a75375a50547251315453756a7336614d3878584e39304b6a756f4973576f7a62644131352f75426e38706247434b34706839673170785257686c705147554f71564d7972304b6650362f3376455954656e4e50352b477872364b3176417559725a515a7a635a78565539532f484678566e4d57744e454a7275345331626553442f694d4e786e7564576e6e4d33626534334838525341575a5a627035777a5469535974326d723963776e634f51764d617333357539443434736472724d3934766e4d3733376d727633563836695830326458377a395979772f797254514d755070766e4832316637652b7a3532626e73666d3976337265663258544f53722b36722f6637627439743339392b335a6f2b47366674684f5445372f3961682b6d76317378744639702f34714c517566785279356d5a62696550764d46706b7637306b61426b6f7148703564394d70336a64307a3343394351674a4f3371436f38757278336956546d7a32715830746d436171357876657331316a4e6c784f42636147696b6356766e754c57474c65597a734d776d396b31526f4c4270464d6f734848683038756270517a736a65733943645176464d5a5873593752484b5756763751725749654e336a41342f4d66555353624a714c614f442b72416e6e6e373673595172733178345856656d4e472b70684b436867394848717a314e6f304c41362b69507842383173705453796c507955656d63626776525a6158535935727753384b2f34306744306a4f464165476c69764e72752b4271313658515373575177324f4f3142416c7871444938626d45646d64516f4d336e4b59577377436c47674446436e37725167414a636365446a55654646492f4d44443177496a387755456f4b5847487a32746c654571324d43715051623670334732384e5a74464b4f4e346c53593270534b6b4a6f2f426d6462336f6f4553763966786e765862484c36485531555048394c644c4d386c7777433844527979445234426b4c764e2b574467425542483545616c2b6c42656f3877506d7768456b7a772b2f626230464849684c5a675a58543637452f6c79674a6f637248576e756c5554645556495648694a616a51374f4b69744b367549777779664d374b626a3837446463375a4a7036526d6c4f357744363535323035544739384254526c75563430667674526f614e33626263573058764c566277756a526a31513649756a563059383036685a4e6f4845366f734c444b5372516633433630517745716b6a6b5058464935434b373730476a6543355679556c486b34457157455766362f3356346267374b32515a4d556b484652676a665239796e6b6976484b5a617a6f47347a7248704a4d4f3948646438566f34786e546e692f42502b424944534954332f764275595a36664436634331585844504b4f6c52495650335835333776442f706a43414f556c336d715838446e6d48683171344462574436624370626639742f6f4d487966504c756566514850767048476a46704a48382f33724e2f346744587248436a38585733445439615a55764a573066752b556f6e376d66517a3845444c446e3066766738614e526f6147556343743649305a6a3836584a3355676d663834377a64576b5833507364502f74376e6948432f4e617553546455635475735866446a71624c4b786a66382b596a574436652b52332b6b5577623552443954572b313750486667534e796d495a4c7469443139613766597a304d695165504f69666e51554b74336c4a6c4761424f326c76664d4a5979436e69343730734e4b70685469722f666638747a7748436a4d55716b3577637a676b62545863485161444f68307a4d6a7a68615366664b626f58703270742f61575a343133356542344258666d2b4833374c58676c692f742f34683169337761654e76673133694f38483958524537484f65372b3759574d79516d7868374e596136414e4e41486b30352b564967386a443173326e64383441317146766670664f56663073477a51346a2f6262396c767367394f726734366e4f59544a484636333473646d3373617a3232695a704a4d4d31467277772b70384e70354835666e30585a742b5738384e53594f5945656771356334343370794b65463566335171494c434c4670363353416164446d3941613870466437696d594f316e5661702b33576e4868622b3652616352727a35546f6a38694b6f6331353779332f726e4d2b34536257637139436e6d656a33706d6362325365644a493934584251555061682f416c2f4d6a7542765075492b3477386c3836762b4c6d362b336c58507276546457314a57303371656973656476596c50495a6d76615065516e676579676d636d4d6c346c414534427a6f326b6c376f6d76675a5331796c6f36355643527a646f7a6d626d6336687964314257734f7a793349334a7a6c726c6c466c3775512f794a743149486c49645554564d6b692b50734c58522f4853424f58777033535459394a596e4f756b55526e744a4c4d6d4449514f63353954396f34646365646c68504e31794235572f54446933756464325767344c384932573648333445677a4562537a38344a53754a55754b2f6a6d52332b5572426e3350594d554e474f4277544c54337445666f494f764f7a7736583168726f4448584734323573784f59346a70514f4a686e586534474f6d324e70595a77306a4d2b6f3848386c33632b716649796d47616741534f505639747950763873322b4d385845745a684d62756b68743738714936392b52547248514b31436e4e3835797066556b4941625a707a6b56585a79656a38626d69356f56483878794c56707870587777506c6e585478717755445044595732576f6d5856426c7644692f4575484f664e707332793457733973764f3943515144686859492b37625a6c47515079346258456c65472f6771535337354a7a4e394a5a34597674504c667163376d6b3037723150417a762f324c37374233643679342f52562f6f594662726d583833564d6b5634765465747379387076662f7246735a2b414e55494e45447838412f2f354731662b586431374a63766638317a7666587870382f6e325838507a7675563974415a365a3576614b3977414b2f582f5437503658394a387a37337a332b642f747566306637646d6a3462722f552f6878706e69366f69646e3631586e386d555a4236527935736e67576b774841536f6a36724254436e507278737a59497952457466652f6e4b45355633715442566e3441444f6d314f78584b4964772f6d38326c376468617046337378306d4a71765051714b68353353745956443834435772362f4d7741656372486d6f4d79795a7131674933476245616a4d66705a392f725248355843544a68397a5570427859494c5a52674535586e57486433724846743539424e58314950615950695261637658725151764f527369344b794573327445556838694d4642594c674541615044494742714256666c47364b7359562b6e78612b564d4f5874724e7a44444169506c4343637165656d30594441786f70367a4c7a44795366643572756e756e3457684c76466568427555462f72574b42425646424c78516d48696e316674334d314b4b544c7573415051737a6e305348766e527444434678713156624867492f6c5a6368463573783073766546504d474b696c774f4347583766666e646a5853716a2f4874476c73376e4a4f6d444b4c3049443163495676544a46676f394c612b51696b494c5a4f6d6a6f547058593146334d2f434f6132496b6f5958696b50556844513133334650687545644e536b596730586a4750576164574e5a417a516a75587371705642435a34645a75754c614c5a4854347144537641695561306e7974726754615a512f347a48762f474b494157696f564a3056314b46574a647a52514d6c336c492f5a34462f786964447250516a715a4e44382f32325149794c6b36456f5132635651417142474d4a5150342f614d2f3842615a474b69553548795a30744f4e2f585361326e46724e356f314153424c6f4c7a336a365435752b325a566e376c624165347774597a5738786c4d6b62466a3848517a513076572f4e5452474f2f307331644d6b3477766668484f49544d53677a5342373373426d574859646a504471537a574e48636d45504f3165485066534c635a6f574b4b6e4f34373537356f7958757178702f7066683033695369664b796349527976637a623572494538545174387144746f6a757069382f75745659532f4c786d2f625438416f4f706539794e7848516150754d4d57754e7652734958426c66634f552b32375155416449377641504846423175483033683068727532436a2f34416e642b3275484d4d6e6d6d422f4a76436971556d4e6d7a34352f485064464b4156647265484e5063594e4452542f53554558575a507077526d395a6a48777276664e7764503761336a4f68566830655737707035524d342f6c58615332556678456e42612b7262646f6f7845777748676a6e732b6c576d7934513445784d6e33347750334b4650432b5874643758452b6e6f6e463654474e515734344343636a56455972336d4f636c36627a703147506d546e59314b6e5134706b4e544a3838346962507257474d414b797355564d6b472b72383753336f54582b6b45564b56334835586a566d4c7975445542756643613776676d673535443879744263397a745573342b4d5559675739636d54736e736279625a2f54347266314933676e67665865583744754731767763453935716841497730443067722b7742782f626d4a54382b63453965614c7a50692f3755584a76774d6b57504e72536b793256514c4e7246314e71333752627664667a7a2b4a6b383074484c4f55546e53486c475a52682b5278716964304879384f484d3051324438304161654d336e512b35694d484b4937486c705665614c7643714e5244502f5075772f4a4d57776a5863506a59426354526c6452727248647a7a37424a4a764a7134652f636a734d787042543336644e426c542f385066386631714854715045533742426e4a784f6538344c37616c4d2b614d6c336d2f6d7a76486f5a666a5965363573567a42387779485835484e78325a464936593775565a787a75435238685433454f5563357638373032372b4f786a7a62647a72576659742b5954336a30582f452f796a6c347a4d46734f6c306b442b354e32562b4c4d5633746b6f4777466c2f4f563469566670364d5339626d4c59505465567252574c3175634d4f545a35664835796f756435666a5836754f3571785032534a512b436c2b744364346335682f445162454e72572b355243776645422b35356e3548754d657555426a4351644e484a4c4c6b3464574152657045384b317975334e6f32384a693861356c466a6a416850617a703139334c7873776c44754d6154783263454738704c3533775a57596b6b596d31644d484d6831694d6b34345a78436d68797872306f65336f44392b6a506a706c364e317a5448534d634644483347595747624c6361654c576267444f47525455385762465a7a3572412b3876634676704b55636130744445324472336b2f32684a332f4230696245495a5a457a4f636d6d70506a4371316c4b536e2f484f6b734e4b387033374f69503351636e544f443842327a63617a7a576d6f2b713065305842373748486d566b6239497575674d776843595170776c4874617456474e336c454f5879304c626d51374a324870477878373133504866456363426432613452696b61366a48716a725230396c7a703630786b654e4969776a707a6b635a38563436372f446e4c55765866656e34385a2f6f35655a7935487831724876665a66617837644a36767733796331586b632f6b7339486538326f4c4b63776d71654c43396e6f484e673365485a582f7939636d6234436b313474745a566538596a504475547a2f7057653850716e6458376e2b334e504c2b2f7539555a5762635466666a4676666b6a652f6c48392f2f663256593835662f4564587933372f6176614e384f44662f4c3270386c666e2f30346c675a39746e54367070396c663577364864696e4c38384a3147534b644f33476d4f6c6948373633665339666a65734457666c343272385163456d3779677a722f3354474971636836534c3773385a5837597476494f503373666f524e4267572f4e614d53447a5a372f4b524b3167746b556d42536f326c4b32667663414443476c3059693332465a61706b595569793167334f515137564f7278562b75353435357a576a71436d4a57684a4d6f2f4c415741324c657a6b42344b3433624e644e7438787576613335667a5532476b68784748526d434e5a457738693750524a4e4a4b3039786437597272786a535364356b4c46536a6c686236315576726d58464d6761616c516e434d512b6233426c664b5053426e38365066426f4d383979544e6e464e6233794735676d64616435324a4f4f3865366b717a3372576c6c5a3455637649754d656e506c334a45362b6f4c2f6d626f70506476626c724458314e65634130584d636b434b6450355534672f4375503937626463306d50515a366c5a315a56504d744970716369574c473664594d37554d6742674533786147575a3449457755776a554d4130714266536a615834322f746c6f7044316d5633476e576d49594f797a45593864515033466a584c6d556e69774d2f487a3453684f773846485a4d494e394a675275454f45577569574151636e362f74696c75375a7559483771664a4f31567170596d794b714a39724b576a4268564b4756455565336e62727268596c576767384c577378617838384d6a714b7937746972667454597977486d564e70774c666a3066534a31634157537246487046573036505976563636393139473958752f70314f464f6a4f6c6f6e536779613563335a73622f44494676305153655361674b32435633704d6e706b2b30494f39363879646f4d464a5938426e50664e4b58436a37755779704b7578747a5a7956697335615a59457a3633717a68342f6a4963626966465a566b554178756f46454f6b51566a5335727861544d4d43754d50786233352f6a614c7362613866785258564b6c56503067616638685a62376146413949447272437a4e505a7866773777546c554659507874525964354a70347161484d6d6a46726663652f3364465267755a426d4c557461704f4b592b3969394c41337031385575754c594c48756834372b2b4f4e78324a66776b486e716c2b35447070784b534a2b35417948467a44413264487a6d594e6239734e48386448336d576c7043312b3661534d444a724755696f477731782b686f5a7a6a2f4c334d6851486e586e457365446537396c33526b67486a384337686d554b394f77595043505874563378635a547a55536d3069316375576c6e6e71415674303468784130747030426855796d6269304a686946344d786854745165446b6138785432796c2b787a42417a6971535355336e324b48764272423165396b6d636c46445075774e6f475a65567a335746383447662f5231417a34774c2f7036667830724c6679526637593437747979504246684672775a733647777a706a5858556d633978796b48787047334d5a444f48576e7747794c634d5049507042396d466c6b316575496c636a384a412b563053714a34323234416e4659784f786a58774c57754445323150394f38624a337957324651372f52527a6b6e5a634d6f695a34614c4663316e564c4879776a316f7a686a78504e49724e56535174325a4b62336332346a735933746666615a69633556694c6461757a4769446c3271796368455a35373979556c35686c5031315050552f38626b4c68697863654d74336b2b483241486675653658364e31334e76352b2f6d4f5a30644a6b59346a62447462756a756f307936326a655476736d7a457561456778717064475a3036464559353130367958354b73336a76384e3436335969474d445a7a6e6f455876527941617a34384937356a36597a454f327a536e326735505a3062366577736a2b724e6e756432637462534a784b3273512b6b74536f374476324c446b61627968484d75745237335a5850384877416f343047535a644c61773531502f76336a31344f664f796539497679435232572f6478614f564641614a41686e654c702b474d68313232434730554e36787a7a6377594738483773766e6b7048334641346c73546d484e7a57496150546944456838725136664f39524f61764c575170495051697658624653316956733357356550546b4c77695467726650687a65325a706b687233382b6e3177614d3035686d4b7336582f414d55544a574a34713962536c2f2f4571626154506e4f7374705a393462303770726e61536449792f654977765a4264517438636e50356b77385a76507a474c5136614e664b6d4d2f7973386e76745576793130344444487269302b4867744e53366d376b6e79336d7162437a6e58373933654a7a68707243754f343742414e4e63354c352f42714e70596b4166783653447756492b6d65353457446d5350455132346342636a2f4b6b6447686952737673532f70582f6667525a322b674c384966556336304a37416634504f6b6a546658444c2f7a2f61747a666a624f4d34654755642f4e6332564a7a2f522b64316a347562366a394c594d73456763746968354844416e3336713072753753455166722f76343676466250456f6565776158472b37562b6e7a6f6c2f576f2f762f44383676322f3670333562502b6e7444384c6f372b7a2f552b5a3533663762762f4f39753351384c2b732f645745385375587771744c656e584230514d632f626e7757674b4844636132553138556744423665342f50663431686d426e3057564654506457614e57305749794a54596245516f4c34794435307a6d30644b71344c644252544f4e3432637a733056383366615031637933504549345a7843593756586a4f30383930454978526b48394c755477674f5769756150534c5539526d316f71754252534746456866394f413149704256683347302f575576506273702f566673392f5539545835355568706248706d4c3562395a4e4b4e78697547794d532f4c7437524f713268624178527a596c6e436e3868544c6b4d665454777068656537415a4262464b385a6c47696e3767694c49414e6237446c2b4a4c6c695141537a4a594b6456374757494d632b5478614f52345445597856586a707377675a686d4f79723479756a5057726b5952522f5451324d7570787935536b644759516f304b6f616279304142555345756b72536c4c5778666131744654674d66754b346578674152526550766f64674d4f3079677055354c57656855642f524754524e73424b6359437072616d51706847515a342f4b4a6a6f4271614953786a4e3542564f5233342b377737783569766a663939386a4a66744877766c69462f7a73502b4d4d46363739504e347a41714f6a59777344346b7950423172574b384c454934597361697837526f6566787a7467767365374b434264385642724f446f7a4a5a517a43372f6242582f7944426c775038623079726432785732376e737054614353425236705836756a526149644d32612f47316f70384a7a307464616565433934787436697a7a6e3465555866567a484462627535516744732b2b676538397671575557477532454961522b2b64427479655a2f3853325269492f30426c4571455446646463556432424b7846522f74342f30456d54672b51313837496b2f6c37744531445252724d796155766e6a4f654b763130632b47624676706e685a74637948714e482b7545746e564949354163657358644665363774696b746b41326e57306c6e71726430796d7274626e527a50657547477a6a73636636713043346461332f6571616e716d474b5354526436385a706e5a5a4737456c37643267775574674d7956734f613572537736555571706c784d6537314d5467796648614b6779454762494f3455347a6a744c7a7772416a423675574c394c6c6855434b78494e783370485a52346478447937673265517550633750734c4937343531527a704b634e334669546d767762587737475a5571447a483733584e7342354f51435a396c6c4a534666433646357a50634c2b4a45724d556f687632746d587044744b376e49396b36557044436278347a3844707076467835453873484b456533656c35737972586b6e77547a7932594574623334534e706663474c2b304e6e426f766630376b574656454b517972514157424470563957687945364872434d67574231374548684c685867617044564d366e3831395a615a6b4634424c374145426c6737736d37714c487a784c6552666a4572444e7a356c44775648566750484d6d7271364f615a7244682f4a58793877777048514449367969396d5277507a52324531456c767861667634514461775a494876456447703138326c562b4b62793944796676784566526c354364586867504b5a6e756b6239627a2b5a6d4268327663573554536d417741414a624f63637834772f5553393265355447554b6654392f7437504d516e355332366851462f68624f51514d4e434e2b654165376b6550414a544a4f4450334c3256794e4e3835314d7561733848676863382f5a78457965487a4a564c47436b754c4f48347972336c726a7a53755a312b71515a6c555935715a357876634763576c2b66532f724f5a345250474f59616e342b777171594f6d42782f61355366317664317270587967565747476a3252796e4e7661557846507476374d575247554b67673464537a5a76687150333164474f2f2f2b472f4432564447505a6a584e6376737842506669734a3155724e357635377264354247512b494c2b643471337a42546b6e47666458377137464850315778344477476555594366385879547a2f4931746d4674466e534e44674f314b354564543478747a474a567a6d573131335557416b4a577a68454553753856674c4d466230342b54564f3555325936416e36452b62566430366b75304356782f4945483773636464422f547657306861394635514f477570546b365373664150756253416e362b4372646279484b455035306b795863346e6841666a69787a77394a6d645a6358546a4b596f5449596a50717556626b76386d4971583273577a2b56647748576e6646535a6870694637356d476151386e564a375256586d644d313230576b2f534d4a752f486f4f584576654f35454f7645525254706672613045576f5832752f4d4e4b7834626c2b587147426a714d395954764454576c2f4f706e5a75476269523948416f744e7a466f68794c4341517a6e4d6976654f3457656f4474747a6a636a615166545334446a6365633936756e49644f44685a574151786a5434486630656e777273334256654d61714950696567776e46694458385277443139705066532f76315366507a57646f395177444b446866306e4639312b52353537556653596471546e55506c6e78544d4472527254776572585143334e384a7a373753357650343264725a506f505033476373455a717852622f37366c7a70315030726255317a586a2b2f2b76312f636e744f65332b396a3139352f6c552f5838477a372f62642f7265336234654737356274373771516c4a4664666d2f6a5261357a4f7a4d557059525a4558316c426c62666a307856525a662b796c71414d5632776a6a4c33765449324b3950343151744d425152662b366a4d61796a686943417a414b77627277773968536d4f6d5a485856756d536453337a326a2f374449596c5447646d7556694167756d6c58595936725272565563777942656a5236392b7a466a784b79427657485a477943787a54506170496a464b4f3732326451706f7a5a3953356572327259456e4252515673585976696c426e517a595666377358504d477073475430344b64596d7862454b372f79685159535a474269565479574c776363646f794c4f4d4f62694b45724134494877567674706146454c73615853674830382b6750332f6e4238446f5764736f4d3031476f4a414f374c4e51793551313136376a304f6f434f4e6835564e6f5070553577535970695433666c543535636f6c6a61527a5134696d72383679446a517969724236444e436e5130595953323155396854396f327179736a636b70454e3578676e7232536b6a52786d35577543454b74755a427657747663484d38484734415847496d724f4b6a4f55353435476c735164574b526a4e474f4666527657503435364f4d31536f6645544b566b4f6c57485a34526670544d5862715a334f455534655869486a76372b46593843686161685735484641512f476c702b4757643245777269796f784d644d, 'uploads\\10011.png', 'window.location.href = \'/create_event_img\'');

-- --------------------------------------------------------

--
-- Table structure for table `onetime`
--

CREATE TABLE `onetime` (
  `Event_ID` int(11) NOT NULL,
  `Start_Time` time DEFAULT NULL,
  `End_Time` time DEFAULT NULL,
  `Venue` varchar(255) DEFAULT NULL
) ENGINE=InnoDB DEFAULT CHARSET=utf8 COLLATE=utf8_general_ci;

--
-- Dumping data for table `onetime`
--

INSERT INTO `onetime` (`Event_ID`, `Start_Time`, `End_Time`, `Venue`) VALUES
(10001, '09:00:00', '16:00:00', NULL),
(10006, '10:00:00', '17:00:00', NULL),
(10007, '11:30:00', '18:30:00', NULL),
(10009, '09:30:00', '16:30:00', NULL),
(10011, '14:00:00', '16:00:00', NULL);

-- --------------------------------------------------------

--
-- Table structure for table `regisdetails`
--

CREATE TABLE `regisdetails` (
  `User_ID` int(11) NOT NULL,
  `Event_ID` int(11) NOT NULL,
  `QR_Code` longtext DEFAULT NULL
) ENGINE=InnoDB DEFAULT CHARSET=utf8 COLLATE=utf8_general_ci;

-- --------------------------------------------------------

--
-- Table structure for table `registration`
--

CREATE TABLE `registration` (
  `Registration_ID` int(11) NOT NULL,
  `Name` varchar(45) NOT NULL,
  `Course` varchar(255) NOT NULL,
  `School` varchar(255) NOT NULL,
  `Role` varchar(45) DEFAULT NULL,
  `Organization` varchar(255) DEFAULT NULL,
  `Org_Position` varchar(255) DEFAULT NULL,
  `User_ID` int(11) DEFAULT NULL
) ENGINE=InnoDB DEFAULT CHARSET=utf8 COLLATE=utf8_general_ci;

--
-- Dumping data for table `registration`
--

INSERT INTO `registration` (`Registration_ID`, `Name`, `Course`, `School`, `Role`, `Organization`, `Org_Position`, `User_ID`) VALUES
(2147483647, 'Geoff Dulnuan', 'BSCS', 'SAMCIS', 'Student', NULL, 'N/A', 2226098);

-- --------------------------------------------------------

--
-- Table structure for table `series`
--

CREATE TABLE `series` (
  `Event_ID` int(11) NOT NULL,
  `Series_Num` int(11) NOT NULL,
  `Start_Time` time DEFAULT NULL,
  `End_Time` time DEFAULT NULL,
  `Venue` varchar(255) DEFAULT NULL
) ENGINE=InnoDB DEFAULT CHARSET=utf8 COLLATE=utf8_general_ci;

--
-- Dumping data for table `series`
--

INSERT INTO `series` (`Event_ID`, `Series_Num`, `Start_Time`, `End_Time`, `Venue`) VALUES
(10003, 1, '10:00:00', '12:00:00', NULL),
(10003, 2, '13:00:00', '14:00:00', NULL),
(10003, 3, '15:00:00', '16:00:00', NULL),
(10004, 1, '09:30:00', '11:30:00', NULL),
(10004, 2, '12:30:00', '14:30:00', NULL),
(10008, 1, '10:00:00', '12:00:00', NULL),
(10008, 2, '13:30:00', '15:30:00', NULL),
(10008, 3, '16:30:00', '18:30:00', NULL);

--
-- Indexes for dumped tables
--

--
-- Indexes for table `accounts`
--
ALTER TABLE `accounts`
  ADD PRIMARY KEY (`User_ID`);

--
-- Indexes for table `admin`
--
ALTER TABLE `admin`
  ADD PRIMARY KEY (`Admin_ID`);

--
-- Indexes for table `am/pm`
--
ALTER TABLE `am/pm`
  ADD PRIMARY KEY (`Event_ID`),
  ADD KEY `EventID_AM/PM` (`Event_ID`);

--
-- Indexes for table `announcements`
--
ALTER TABLE `announcements`
  ADD PRIMARY KEY (`Announcement_ID`),
  ADD KEY `Event_ID_Announcement` (`Event_ID`);

--
-- Indexes for table `attendance`
--
ALTER TABLE `attendance`
  ADD PRIMARY KEY (`Attendance_ID`),
  ADD KEY `UserID_Attendance_idx` (`User_ID`);

--
-- Indexes for table `bookmarks`
--
ALTER TABLE `bookmarks`
  ADD PRIMARY KEY (`Bookmark_ID`),
  ADD KEY `UserID_Bookmarks_idx` (`User_ID`),
  ADD KEY `EventID_Bookmarks_idx` (`Event_ID`);

--
-- Indexes for table `evaluations`
--
ALTER TABLE `evaluations`
  ADD PRIMARY KEY (`Evaluation_ID`),
  ADD KEY `UserID_Eval` (`User_ID`),
  ADD KEY `EventID_Eval` (`Event_ID`);

--
-- Indexes for table `eventlinks`
--
ALTER TABLE `eventlinks`
  ADD PRIMARY KEY (`Link_ID`),
  ADD KEY `EventID_Links_idx` (`Event_ID`);

--
-- Indexes for table `events`
--
ALTER TABLE `events`
  ADD PRIMARY KEY (`Event_ID`);

--
-- Indexes for table `onetime`
--
ALTER TABLE `onetime`
  ADD PRIMARY KEY (`Event_ID`),
  ADD KEY `EventID_OneTime` (`Event_ID`);

--
-- Indexes for table `regisdetails`
--
ALTER TABLE `regisdetails`
  ADD PRIMARY KEY (`User_ID`,`Event_ID`),
  ADD KEY `EventID_RegisDetails_idx` (`Event_ID`),
  ADD KEY `UserID_RegisDetails` (`User_ID`);

--
-- Indexes for table `registration`
--
ALTER TABLE `registration`
  ADD PRIMARY KEY (`Registration_ID`),
  ADD KEY `UserID_Registration` (`User_ID`);

--
-- Indexes for table `series`
--
ALTER TABLE `series`
  ADD PRIMARY KEY (`Event_ID`,`Series_Num`),
  ADD KEY `EventID_Series` (`Event_ID`);

--
-- Constraints for dumped tables
--

--
-- Constraints for table `attendance`
--
ALTER TABLE `attendance`
  ADD CONSTRAINT `EventID_Attendance` FOREIGN KEY (`Attendance_ID`) REFERENCES `events` (`Event_ID`),
  ADD CONSTRAINT `UserID_Attendance` FOREIGN KEY (`User_ID`) REFERENCES `accounts` (`User_ID`) ON DELETE NO ACTION ON UPDATE NO ACTION;

--
-- Constraints for table `bookmarks`
--
ALTER TABLE `bookmarks`
  ADD CONSTRAINT `EventID_Bookmarks` FOREIGN KEY (`Event_ID`) REFERENCES `events` (`Event_ID`),
  ADD CONSTRAINT `UserID_Bookmarks` FOREIGN KEY (`User_ID`) REFERENCES `accounts` (`User_ID`);

--
-- Constraints for table `evaluations`
--
ALTER TABLE `evaluations`
  ADD CONSTRAINT `EventID_Eval` FOREIGN KEY (`Event_ID`) REFERENCES `events` (`Event_ID`),
  ADD CONSTRAINT `UserID_Eval` FOREIGN KEY (`User_ID`) REFERENCES `accounts` (`User_ID`);

--
-- Constraints for table `eventlinks`
--
ALTER TABLE `eventlinks`
  ADD CONSTRAINT `EventID_Links` FOREIGN KEY (`Event_ID`) REFERENCES `events` (`Event_ID`) ON DELETE NO ACTION ON UPDATE NO ACTION;

--
-- Constraints for table `onetime`
--
ALTER TABLE `onetime`
  ADD CONSTRAINT `EventID_OneTime` FOREIGN KEY (`Event_ID`) REFERENCES `events` (`Event_ID`);

--
-- Constraints for table `regisdetails`
--
ALTER TABLE `regisdetails`
  ADD CONSTRAINT `EventID_RegisDetails` FOREIGN KEY (`Event_ID`) REFERENCES `events` (`Event_ID`),
  ADD CONSTRAINT `UserID_RegisDetails` FOREIGN KEY (`User_ID`) REFERENCES `accounts` (`User_ID`);

--
-- Constraints for table `registration`
--
ALTER TABLE `registration`
  ADD CONSTRAINT `UserID_Regis` FOREIGN KEY (`User_ID`) REFERENCES `accounts` (`User_ID`);

--
-- Constraints for table `series`
--
ALTER TABLE `series`
  ADD CONSTRAINT `Event_ID` FOREIGN KEY (`Event_ID`) REFERENCES `events` (`Event_ID`);
COMMIT;

/*!40101 SET CHARACTER_SET_CLIENT=@OLD_CHARACTER_SET_CLIENT */;
/*!40101 SET CHARACTER_SET_RESULTS=@OLD_CHARACTER_SET_RESULTS */;
/*!40101 SET COLLATION_CONNECTION=@OLD_COLLATION_CONNECTION */;
